stock_code,date,foreign_buy,percent_foreign_ownership,cash_dividend,dividend_yield,beta,eps,pe,forward_pe,bvps,pb
AAA,2026-05-13,11400,1.77,300,0.04,0.65,1213,5.89,7.46,15827,0.45
AAH,2026-05-13,0,0,0,0,0.76,-94,-32.04,22.11,10127,0.30
AAS,2026-05-13,0,0.10,0,0,2.22,1131,7.42,11.23,11571,0.73
AAM,2026-05-13,0,0.86,0,0,0.20,290,24.16,17.28,19183,0.36
A32,2026-05-13,0,0,2200,0.07,0.02,0,0,3.89,0,0
AAT,2026-05-13,0,0.55,0,0,0.41,352,8.20,8.19,10720,0.27
ABB,2026-05-13,0,12.43,0,0,0.71,3564,4.26,8.74,12813,1.19
AAV,2026-05-13,0,0.24,0,0,0.62,-317,-21.77,9.52,10833,0.64
ABI,2026-05-13,200,12.33,0,0,1.17,3115,6.23,5.78,18259,1.06
ABC,2026-05-13,0,0.90,0,0,1.18,637,16.80,5.96,29291,0.37
ABS,2026-05-13,0,0,0,0,0.54,-6098,-0.46,7.37,5003,0.56
ABR,2026-05-13,0,48.42,2000,0.15,0.52,710,18.59,18.62,11657,1.13
ABT,2026-05-13,0,1.94,3000,0.05,0.43,13228,4.18,4.30,55894,0.99
ABW,2026-05-13,0,0.12,0,0,1.53,1684,6.29,1.79,15959,0.66
ACC,2026-05-13,0,7.47,0,0,-0.09,466,27.81,12.14,13275,0.98
ACE,2026-05-13,0,0.25,3500,0.10,0.60,2069,17.25,8.01,20029,1.78
ACB,2026-05-13,1684700,25.68,1000,0.04,0.71,3258,6.97,6.52,19225,1.18
ACV,2026-05-13,16900,1.89,0,0,1.99,4282,10.23,14.90,20233,2.16
ACG,2026-05-13,0,38.48,2000,0.06,0.42,3521,9.77,8.59,31040,1.11
ACL,2026-05-13,0,2.13,600,0.05,0.14,776,17.01,9.46,16297,0.81
ACM,2026-05-13,0,2.54,0,0,-0.09,-190,-2.63,8.50,6333,0.08
ADC,2026-05-13,0,8.24,1500,0.08,0.71,2998,6.14,4.85,21917,0.84
ACS,2026-05-13,0,0.11,0,0,-0.34,0,0,9.79,0,0
ADS,2026-05-13,10000,0.21,500,0.06,0.50,1333,6.71,4.71,14045,0.64
ADP,2026-05-13,0,1.17,4500,0.19,0.22,3050,7.76,9.73,12184,1.94
AFX,2026-05-13,0,0,0,0,0.34,1734,5.94,3.82,15411,0.67
ADG,2026-05-13,0,30.72,0,0,0.09,1192,7.55,5.68,19471,0.46
AGF,2026-05-13,0,0.46,0,0,-0.20,-176,-9.07,9,-6982,-0.23
AGG,2026-05-13,2200,0.70,0,0,0.58,2301,5.28,3.95,21658,0.56
AGM,2026-05-13,0,0.56,0,0,1,-7219,-0.30,-0.33,-18774,-0.12
AGR,2026-05-13,26300,0.35,0,0,0.86,678,21.46,17.12,11479,1.27
AG1,2026-05-13,0,0,2750,0.20,1.16,422,31.96,6.86,10038,1.34
AGX,2026-05-13,0,1.70,2000,0.01,-0.14,0,0,10.12,0,0
AGP,2026-05-13,0,0.02,0,0,-0.24,1973,19.01,15.94,18476,2.03
AIC,2026-05-13,0,75.07,0,0,1.02,304,30.25,20.91,11496,0.80
ALT,2026-05-13,0,3.12,600,0.04,0.86,2228,6.01,10.34,39329,0.34
AMC,2026-05-13,0,2.13,1300,0.10,1.07,2475,5.01,9.73,13445,0.92
AME,2026-05-13,0,2.23,0,0,0.18,620,12.09,14.28,14007,0.54
ALV,2026-05-13,0,0.28,0,0,1.28,-233,-30.86,4.96,11280,0.64
AMP,2026-05-13,0,0,0,0,0.49,303,38.01,37.19,15892,0.72
AMS,2026-05-13,0,35.70,0,0,0.36,1207,8.12,5.88,14658,0.67
ANV,2026-05-13,21500,4,1000,0.04,0.87,3992,5.75,5.72,13980,1.64
AMV,2026-05-13,0,0.28,0,0,0.24,-468,-3.42,4.66,12290,0.13
ANT,2026-05-13,0,0.13,500,0.01,0.59,5636,6.03,5.83,21238,1.60
APC,2026-05-13,0,14.84,0,0,1.08,-1266,-4.50,85.16,26963,0.21
APG,2026-05-13,0,28.37,0,0,0.60,14,346.90,9.06,10682,0.45
APF,2026-05-13,0,0,4000,0.08,0.71,6048,7.95,14.32,39608,1.21
APH,2026-05-13,2200,27.90,0,0,0.58,871,6.60,4.47,24353,0.24
API,2026-05-13,10600,2.37,0,0,1.10,-8,-717.70,6.42,10711,0.56
APL,2026-05-13,0,0,2600,0.16,0.22,0,0,7.05,0,0
APS,2026-05-13,10100,0.68,0,0,1.12,-416,-14.89,14.52,8934,0.69
APP,2026-05-13,0,0.69,0,0,0.20,-393,-10.70,5.67,10089,0.42
APT,2026-05-13,0,0,0,0,0.02,-2698,-0.93,2.50,-7606,-0.33
ART,2026-05-13,0,0.66,0,0,0,-511,-2.55,6.01,799,1.63
ASG,2026-05-13,100,0.77,0,0,0,1249,13.45,20.24,24252,0.69
ASM,2026-05-13,0,12.54,0,0,0.67,294,20.91,2.78,20413,0.30
ARM,2026-05-13,0,0.08,1000,0.02,-0.03,2102,22.27,27.78,13667,3.42
AST,2026-05-13,2700,45.94,4000,0.06,0.41,6587,10.93,9,18123,3.97
ASP,2026-05-13,200,48.99,0,0,0.26,1777,4.33,14.38,10071,0.76
ATA,2026-05-13,0,0.07,0,0,-0.41,60,6.72,0.05,-25217,-0.02
ATG,2026-05-13,0,0.01,0,0,-1.35,2333,2.91,51.75,582,11.68
ATS,2026-05-13,0,0.10,0,0,-0.35,191,143.19,47.95,12692,2.16
AVG,2026-05-13,0,0.13,0,0,0.40,929,10.66,9.72,14005,0.71
AVC,2026-05-13,0,0,2000,0.04,0.62,3607,12.75,11.73,16603,2.77
BAB,2026-05-13,0,0,0,0,0.72,1230,9.11,8.01,12693,0.88
BAF,2026-05-13,450100,2.95,0,0,0.40,514,68.63,13.53,14046,2.51
BAX,2026-05-13,0,16.94,2000,0.06,-0.08,4709,7.07,10.13,27964,1.19
BAL,2026-05-13,0,0,500,0.07,-0.74,0,0,17.63,0,0
BBM,2026-05-13,0,0.10,200,0.02,-0.13,1448,5.87,26.56,13753,0.62
BBH,2026-05-13,0,0,200,0.02,0.15,0,0,38.25,0,0
BBS,2026-05-13,0,0.66,1000,0.08,0.39,1299,9.24,12.39,18348,0.65
BCB,2026-05-13,0,0,5529,2.51,-0.10,28,78.07,0.63,10028,0.22
BCA,2026-05-13,0,0,0,0,1.15,440,49.78,15.64,19108,1.15
BCE,2026-05-13,0,2.78,300,0.03,0.12,2436,4.45,3.58,12971,0.84
BBT,2026-05-13,0,0.39,500,0.05,0.24,434,25.34,7.90,13660,0.81
BCC,2026-05-13,3100,0.67,0,0,0.70,640,11.09,11.44,14534,0.49
BCF,2026-05-13,0,0,2000,0.05,-0.08,3128,13.04,19.36,11947,3.42
BCG,2026-05-13,0,1.14,0,0,0,565,4.48,6.36,24305,0.10
BCM,2026-05-13,17500,0.93,1100,0.02,0.77,3285,15.86,13.89,21718,2.40
BCP,2026-05-13,0,3.24,0,0,-0.21,77,124.34,19.59,12606,0.76
BCR,2026-05-13,0,0.38,0,0,0.33,556,1.98,1.23,13037,0.08
BCV,2026-05-13,0,0,0,0,0,194,111.09,47.43,11704,1.84
BED,2026-05-13,0,0,4100,0.16,0.01,1667,15.30,15.14,13989,1.82
BEL,2026-05-13,0,0,400,0.02,0.22,3,6582.73,31.17,8268,2.21
BDT,2026-05-13,0,0.14,0,0,0.55,531,17.32,28.41,14436,0.64
BDW,2026-05-13,0,0.05,1100,0.04,-0.20,3444,7.64,9.36,24210,1.09
BDG,2026-05-13,0,1.42,2500,0.07,0.17,5047,7.07,9.81,29329,1.22
BFC,2026-05-13,5600,0.17,2500,0.04,0.33,5974,10.68,11.97,31218,2.04
BGE,2026-05-13,0,0.05,0,0,0.14,-9,-396.27,11.77,12390,0.27
BHC,2026-05-13,0,0.20,0,0,-0.06,2,497.74,12.16,-17121,-0.06
BHA,2026-05-13,0,0.02,1000,0.05,1.34,2616,8.41,17.98,16233,1.36
BGW,2026-05-13,0,0,1380,0.09,0.08,1002,15.96,20.74,11072,1.45
BHG,2026-05-13,0,0,0,0,0,1745,6.30,103.46,11097,0.99
BHI,2026-05-13,0,75.02,0,0,0.77,498,13.86,20.60,12158,0.57
BHN,2026-05-13,0,17.57,1150,0.04,0.30,2214,13.10,28.68,23592,1.23
BHP,2026-05-13,0,0.03,150,0.02,-0.05,-461,-17.37,23.69,15453,0.52
BHK,2026-05-13,0,0.01,1800,0.13,-0.10,0,0,10.57,0,0
BIC,2026-05-13,1300,42.12,1500,0.06,0.56,3037,7.64,6.01,17164,1.35
BID,2026-05-13,567800,17.59,450,0.01,0.89,4403,9.48,14.75,27149,1.54
BIG,2026-05-13,0,0.03,0,0,1.55,2699,2.56,11.07,13857,0.50
BKG,2026-05-13,0,0.19,0,0,0.48,128,19.96,16.60,10668,0.24
BIO,2026-05-13,0,0,900,0.07,0.14,0,0,18.55,0,0
BLF,2026-05-13,0,2.35,0,0,0.35,878,2.28,4.27,10581,0.19
BLI,2026-05-13,0,1.16,0,0,0.84,82,104.31,8.19,15574,0.55
BLN,2026-05-13,0,0,600,0.09,-0.30,0,0,6.19,0,0
BKC,2026-05-13,0,0.12,0,0,0.83,5154,4.15,7.96,14939,1.43
BLT,2026-05-13,0,0.04,820,0.04,1.34,0,0,10.59,0,0
BMD,2026-05-13,0,0,500,0.08,0.14,0,0,3.25,11879,0.54
BMC,2026-05-13,0,4.87,1300,0.10,0.63,977,13.36,10.78,18510,0.71
BMG,2026-05-13,0,19.17,3000,0.16,-0.33,915,20.21,5.44,16974,1.09
BMF,2026-05-13,0,0,0,0,0.31,1580,5,7.59,13588,0.58
BMJ,2026-05-13,0,0.03,0,0,0.50,909,11.55,11.61,13406,0.78
BMP,2026-05-13,50800,80.92,12750,0.08,0.67,15218,10.61,10.34,38864,4.16
BMS,2026-05-13,0,0,0,0,1.12,1403,10.69,14.71,11022,1.36
BMI,2026-05-13,9600,26.58,500,0.03,0.61,1810,7.95,7.23,19756,0.73
BMV,2026-05-13,0,0,41,0.01,-0.29,164,24.34,25.99,10336,0.39
BPC,2026-05-13,0,1.04,200,0.02,0,452,27.68,33.74,24876,0.50
BOT,2026-05-13,0,0.32,0,0,0.31,-1747,-1.09,70.34,5069,0.37
BNW,2026-05-13,0,0,600,0.04,-0.54,966,17.59,23.13,10657,1.60
BQB,2026-05-13,0,0.02,0,0,0.39,-230,-16.95,443.69,4431,0.88
BNA,2026-05-13,0,0.93,0,0,0.89,1784,3.19,2.97,18601,0.31
BRC,2026-05-13,0,1.63,1200,0.10,0.44,1685,7.33,7.51,17474,0.71
BRR,2026-05-13,0,0,700,0.04,0.50,1680,11.01,9.08,13493,1.37
BRS,2026-05-13,0,0,1400,0.05,0.86,-62,-430.07,7.03,13744,1.94
BSA,2026-05-13,0,0,1500,0.08,0.29,2532,7.82,30.27,14698,1.35
BSD,2026-05-13,0,0.40,500,0.02,0,0,0,68.32,0,0
BSI,2026-05-13,8300,35.54,0,0,0.84,2095,16.68,12.25,22891,1.53
BSG,2026-05-13,0,0,0,0,-0.01,-160,-109.50,64.14,6132,2.85
BSH,2026-05-13,0,0.29,1500,0.08,0.30,2131,8.35,6.66,17888,1
BSP,2026-05-13,0,0.03,2000,0.18,0.50,1021,10.77,11.52,14538,0.76
BSL,2026-05-13,0,0.06,1400,0.11,0.57,1509,8.48,5.54,11872,1.08
BSR,2026-05-13,6268700,1.59,0,0,0.57,3435,8.47,67.40,13736,2.12
BSQ,2026-05-13,0,0,2500,0.13,0.63,2294,8.28,7.37,19879,0.96
BT1,2026-05-13,0,0,1000,0.09,-0.37,0,0,5.01,0,0
BT6,2026-05-13,0,8.28,0,0,0,-2081,-1.63,7.01,-32355,-0.11
BTD,2026-05-13,0,0.36,700,0.03,0.98,1443,15.18,15.78,39656,0.55
BTB,2026-05-13,0,0.01,0,0,-1.25,401,10.72,275.64,14037,0.31
BTH,2026-05-13,100,0.22,25000,1.14,0.59,8187,2.69,5.46,20558,1.07
BTN,2026-05-13,0,0,0,0,0.48,0,0,-1.31,0,0
BTP,2026-05-13,0,2.07,330,0.04,0.36,932,9.01,16.13,18226,0.46
BTG,2026-05-13,0,0,0,0,-0.10,128,68.01,34.51,15349,0.57
BTT,2026-05-13,0,4.85,3000,0.07,0.13,9650,4.23,3.54,36602,1.11
BTV,2026-05-13,0,0,0,0,0.61,1077,15.79,12.07,10526,1.62
BTU,2026-05-13,0,0.03,2000,0.13,0.95,112,136.63,4.67,11159,1.37
BTW,2026-05-13,0,0.71,4620,0.07,-0.16,4691,15.14,10.89,30233,2.35
BTS,2026-05-13,0,0.12,0,0,0.43,511,9.97,17.87,8911,0.57
BVB,2026-05-13,0,0.05,0,0,1.66,853,15.12,11.81,11948,1.08
BVH,2026-05-13,52600,27.23,1055,0.02,0.90,4184,15.92,21.86,35424,1.88
BVL,2026-05-13,0,0,0,0,1.16,2324,6.24,2.80,17938,0.81
BVS,2026-05-13,10100,1.22,800,0.03,1.30,2835,9.24,8.46,37013,0.71
BVN,2026-05-13,0,0.06,0,0,-0.21,0,0,4.14,0,0
BVG,2026-05-13,0,0.09,0,0,0.10,-1385,-2.02,8.55,5026,0.56
BWA,2026-05-13,0,0,450,0.03,-0.33,0,0,20.65,0,0
BWS,2026-05-13,0,0.60,2000,0.06,0.45,2633,12.92,13.24,11555,2.94
BWE,2026-05-13,43800,2.75,1300,0.03,0.34,4778,9.15,13.73,29486,1.48
BXH,2026-05-13,0,0,100,0.01,-0.37,321,42.07,38.36,18354,0.74
C22,2026-05-13,0,0,1000,0.05,0.01,0,0,7.82,0,0
C21,2026-05-13,0,0.08,0,0,-0.25,632,26.73,40.85,47351,0.36
C47,2026-05-13,0,0.04,0,0,0.29,1604,6.01,5.84,13986,0.69
C32,2026-05-13,0,0.60,0,0,0.13,2706,5.12,9.66,19261,0.72
C4G,2026-05-13,0,0.03,0,0,1.89,244,28.26,12.33,11204,0.62
C69,2026-05-13,9800,0.77,0,0,0.48,834,19.17,14.13,14693,1.09
C92,2026-05-13,0,2.41,0,0,1.20,26,156.49,10.63,11622,0.34
CAD,2026-05-13,0,8.17,0,0,-0.96,-54,-9.26,5.20,-171558,0
CAG,2026-05-13,0,0.20,0,0,0.13,206,34.04,37.15,10453,0.67
CBS,2026-05-13,0,0,3000,0.12,0.15,0,0,8.29,0,0
CAN,2026-05-13,0,0.70,0,0,0.01,-349,-77.37,12.89,28762,0.94
CAT,2026-05-13,0,0.72,3500,0.25,0.60,1190,11.85,4.71,18059,0.78
CBI,2026-05-13,0,0,0,0,0.15,-3709,-3.75,119.27,631,22.03
CAP,2026-05-13,0,0.69,3100,0.07,0.38,4849,9.12,15,14164,3.12
CC1,2026-05-13,0,0,0,0,2.14,606,59.09,38.40,11407,3.14
CCA,2026-05-13,0,0.08,1350,0.09,0.16,2632,5.78,6.88,16322,0.93
CCL,2026-05-13,0,1.64,0,0,0.56,365,13.39,9.69,12218,0.40
CCM,2026-05-13,0,0.08,2000,0.06,0.43,7621,4.49,3.03,37668,0.91
CCC,2026-05-13,0,0,200,0.02,0.39,1037,7.81,7.03,15416,0.53
CCI,2026-05-13,0,2.35,0,0,-0.05,2825,6.90,10.41,17373,1.12
CCT,2026-05-13,0,0.01,0,0,0.25,207,43.02,22.68,9670,0.92
CCR,2026-05-13,0,0.10,500,0.04,0.22,1386,10.17,9.29,12363,1.14
CCV,2026-05-13,0,0,4630,0.07,0.18,0,0,11.39,0,0
CCP,2026-05-13,0,0,0,0,0,1114,14.18,4.44,21620,0.73
CDC,2026-05-13,5500,0.26,0,0,0.20,481,45.33,23.72,15313,1.42
CDG,2026-05-13,0,0,1200,0.34,0,1538,2.28,1.62,13099,0.27
CDN,2026-05-13,800,20.35,1200,0.04,0.53,4171,7.12,5.68,22860,1.30
CDO,2026-05-13,0,0.28,0,0,0.50,81,18.52,18.90,6759,0.22
CDR,2026-05-13,0,0,600,0.13,1.41,0,0,6.78,0,0
CEN,2026-05-13,0,0,0,0,0.17,18,87.10,34.74,10091,0.16
CDP,2026-05-13,0,0,1300,0.09,1.14,1709,8.02,8.01,12949,1.06
CEO,2026-05-13,52500,3.03,0,0,1.86,369,47.18,32.91,11521,1.51
CET,2026-05-13,0,0.14,0,0,-0.17,-91,-79.35,415.70,10669,0.67
CFM,2026-05-13,0,0.30,200,0.02,0.40,0,0,20.60,0,0
CGV,2026-05-13,0,0.05,0,0,-0.62,0,0,7.46,0,0
CFV,2026-05-13,0,0,0,0,-0.24,1125,15.37,18.07,16175,1.07
CHC,2026-05-13,0,0,0,0,-0.52,0,0,16.16,0,0
CH5,2026-05-13,0,0,1000,0.08,0,0,0,10.51,0,0
CI5,2026-05-13,0,0,0,0,-0.45,0,0,15,0,0
CHS,2026-05-13,0,3.68,900,0.08,-0.11,959,11.47,7.62,11476,0.96
CID,2026-05-13,200,0.58,3000,0.29,-0.20,-105,-100.38,0,4615,2.27
CIA,2026-05-13,0,1.39,0,0,0.38,1312,7.39,18.95,19071,0.51
CII,2026-05-13,116800,4.13,500,0.03,0.94,238,82.23,30.63,18601,1.05
CJC,2026-05-13,0,0.26,0,0,-0.06,663,27.13,18.46,12557,1.43
CIP,2026-05-13,0,0,0,0,0.14,0,0,31.94,0,0
CIG,2026-05-13,0,0.01,0,0,0.51,2597,2.35,1.73,7617,0.80
CK8,2026-05-13,0,0,0,0,0,0,0,7.14,0,0
CKA,2026-05-13,0,0.18,10000,0.15,0.98,0,0,4.97,0,0
CKD,2026-05-13,0,0.03,2100,0.08,0.19,3887,6.41,7.35,18819,1.32
CKV,2026-05-13,0,0.14,580,0.03,0.16,899,18.92,22.95,19554,0.87
CLC,2026-05-13,0,1.88,4000,0.07,0.31,6747,8.11,7.79,36598,1.49
CLH,2026-05-13,0,5.78,2300,0.10,0.35,3481,6.64,9.24,17132,1.35
CLM,2026-05-13,0,0,5000,0.07,0.27,7066,10.76,8.22,75017,1.01
CLW,2026-05-13,0,0.55,3600,0.08,-0.08,4502,9.90,10.07,21448,2.08
CLX,2026-05-13,0,0.88,700,0.05,1.15,2524,5.86,6.10,22516,0.66
CMC,2026-05-13,0,0.27,0,0,1.13,1759,5.17,6.84,13637,0.67
CMD,2026-05-13,0,0.02,2600,0.14,0.35,2818,6.74,8.80,21767,0.87
CMF,2026-05-13,0,24.51,5000,0.01,-0.01,36231,10.74,10.10,181166,2.15
CMG,2026-05-13,39000,37.04,0,0,0.66,1898,14.25,13.59,19347,1.40
CHP,2026-05-13,0,0.04,2200,0.08,0.11,2896,9.62,18.26,12948,2.15
CMK,2026-05-13,0,0,500,0.06,0,1205,6.89,7.93,12005,0.69
CMI,2026-05-13,0,0.37,0,0,1.51,-1286,-0.47,0.32,-8423,-0.07
CMM,2026-05-13,0,0,0,0,-0.36,1408,12.14,16.74,12242,1.40
CMS,2026-05-13,0,0.01,500,0.07,0.68,1190,5.88,4.09,12208,0.57
CMN,2026-05-13,0,0,1300,0.02,0.29,1187,59.31,11.65,33358,2.11
CMT,2026-05-13,0,3.36,0,0,0.56,3653,3.56,5.20,23016,0.56
CMW,2026-05-13,0,0,663,0.06,0.98,1234,9.48,10.33,11953,0.98
CMX,2026-05-13,1100,18.36,0,0,0.60,1134,5.12,4.23,17565,0.33
CNA,2026-05-13,0,0,0,0,0,0,0,0,0,0
CNC,2026-05-13,0,7.50,1000,0.03,0.41,4449,7.30,9.01,106196,0.31
CNG,2026-05-13,100,1.66,1200,0.05,0.58,2062,10.84,10.90,18209,1.23
CLL,2026-05-13,0,4.39,2670,0.09,0.18,2985,10.03,12.75,19360,1.55
CNT,2026-05-13,0,0.15,200,0.03,0.48,27,227.27,30.73,10728,0.57
CKG,2026-05-13,700,0.01,0,0,0.65,506,15.76,7.82,12583,0.63
CPA,2026-05-13,0,0,0,0,-0.52,-173,-52.08,141.78,1317,6.83
COM,2026-05-13,0,0.17,1000,0.03,-0.28,2077,16.61,32.48,29689,1.16
CMP,2026-05-13,0,0,149,0.02,0,794,10.08,8.63,11979,0.67
CPC,2026-05-13,0,2.71,3300,0.19,0.16,2006,8.87,8.70,21333,0.83
CPH,2026-05-13,0,0,3982,13.27,0,482,0.62,0.13,10981,0.03
CQT,2026-05-13,0,0,330,0.05,-0.14,509,12.77,17.11,10428,0.62
CQN,2026-05-13,0,0,1000,0.03,0.14,1899,16.32,14.12,14204,2.18
CRE,2026-05-13,9800,3.69,0,0,0.70,192,39.62,11.75,12861,0.59
CRC,2026-05-13,121900,0.43,0,0,0.20,1006,8.38,6.33,11961,0.70
CSC,2026-05-13,0,0.05,0,0,0.98,1208,12.09,13.25,22474,0.65
CMV,2026-05-13,0,0.03,0,0,0.06,1097,7.09,6.70,14937,0.52
CSM,2026-05-13,6600,0.52,300,0.03,0.41,590,19.92,10.14,13416,0.88
CPI,2026-05-13,0,0,0,0,0.12,68,72.24,147.10,-596,-8.22
CSV,2026-05-13,14800,0.69,1000,0.04,0.61,1800,14.42,3211.63,15084,1.72
CSI,2026-05-13,600,10.79,0,0,1.62,257,62.62,20.81,9805,1.64
CST,2026-05-13,0,3.99,1000,0.07,0.13,1891,7.19,16.04,24244,0.56
CT3,2026-05-13,0,0,0,0,-0.03,0,0,33,0,0
CTD,2026-05-13,85600,48.08,1000,0.01,0.77,7988,9.25,10.94,91693,0.81
CTB,2026-05-13,0,0.40,0,0,0.16,2519,6.91,7.24,16011,1.09
CT6,2026-05-13,0,0.03,0,0,0.25,878,11.39,30.54,11686,0.86
CTF,2026-05-13,200,0.50,500,0.03,0.19,138,130.71,17.08,11374,1.58
CTP,2026-05-13,0,0.31,0,0,0.69,1,5000,121,12283,0.53
CTG,2026-05-13,103000,25.18,450,0.01,0.88,6486,5.43,8.03,24294,1.45
CTR,2026-05-13,15000,5.14,2150,0.03,0.76,5488,15.03,15.17,19358,4.26
CTI,2026-05-13,0,0.21,0,0,0.59,2900,7.36,11.84,30542,0.70
CTS,2026-05-13,49700,0.58,0,0,1.02,2757,9.92,12.81,13666,2
CTT,2026-05-13,0,0.23,1000,0.06,-0.09,4028,4.20,2.82,16590,1.02
CTW,2026-05-13,0,0.01,1400,0.06,-0.13,2528,9.89,15.64,22375,1.12
CTX,2026-05-13,0,0,0,0,1.75,2560,2.07,2.10,12197,0.43
CVN,2026-05-13,0,0,0,0,0.68,-412,-2.43,2.70,13277,0.08
CX8,2026-05-13,0,0.30,100,0.01,-0.03,223,44.90,29.30,11046,0.91
CVT,2026-05-13,0,0.34,0,0,0.01,1485,18.08,17,28125,0.95
CYC,2026-05-13,0,48.60,0,0,0.17,-14134,-0.08,5.43,5942,0.20
D11,2026-05-13,0,0.03,0,0,0.08,936,12.82,23.71,24010,0.50
D2D,2026-05-13,1500,3.69,8400,0.25,0.26,7868,4.35,5.41,23847,1.43
DAC,2026-05-13,0,6.46,0,0,0,-4503,-1.40,12.18,1997,3.15
DAD,2026-05-13,0,27.98,2000,0.14,-0.11,2221,6.62,5.44,19192,0.77
DAH,2026-05-13,0,0,0,0,0.26,-812,-3.30,52.48,10099,0.27
DAE,2026-05-13,0,0.50,1500,0.10,0.16,1242,12.08,8.50,20962,0.72
DAN,2026-05-13,0,0.09,0,0,0.01,4836,7.13,23.46,42240,0.82
DAS,2026-05-13,0,0,800,0.08,-0.53,0,0,0.02,0,0
DAG,2026-05-13,0,0.86,0,0,0,-4718,-0.30,8.89,-1833,-0.76
DBC,2026-05-13,24000,1.43,0,0,0.75,3762,5.97,7.74,21938,1.02
DBD,2026-05-13,0,15.57,2000,0.04,0.24,3084,16.15,12.55,19228,2.59
DBT,2026-05-13,0,1.14,0,0,0.27,1368,8.41,10.89,13844,0.83
DAT,2026-05-13,0,0.01,0,0,0.55,1112,7.56,8.32,14164,0.59
DBM,2026-05-13,0,1.07,1150,0.05,0.15,2895,8.50,9.01,24723,1
DC2,2026-05-13,0,1.66,200,0.03,-0.20,378,16.91,11.56,10903,0.59
DC1,2026-05-13,0,0.69,0,0,0.06,0,0,10.22,0,0
DCF,2026-05-13,0,0.01,0,0,0.87,1728,18.98,17.38,12394,2.65
DCG,2026-05-13,0,5.25,1500,0.06,0.47,659,39.48,8.87,13442,1.93
DC4,2026-05-13,0,0.79,0,0,0.56,1971,4.44,4.72,13325,0.66
DCL,2026-05-13,0,0.94,0,0,0.14,-100,-378.59,27.65,20805,1.82
DCH,2026-05-13,0,0,150,0.02,0.24,0,0,49.31,0,0
DCS,2026-05-13,0,0.56,0,0,-0.17,-9538,-0.08,10.35,240,3.33
DCR,2026-05-13,0,0,0,0,-0.65,324,12.96,27.30,10556,0.40
DCM,2026-05-13,1564000,10.45,2000,0.05,0.12,4364,9.96,19.61,21789,1.99
DCT,2026-05-13,0,0.39,0,0,0.27,-2345,-0.21,4.46,-21193,-0.02
DDG,2026-05-13,0,0.51,0,0,0.12,-4951,-0.14,4.66,4299,0.16
DDN,2026-05-13,0,0.21,0,0,0.77,341,21.71,12.42,13003,0.57
DDH,2026-05-13,0,0,300,0.07,0.43,0,0,30.29,0,0
DDV,2026-05-13,300,3.52,900,0.03,1.51,4356,6.06,17.92,16354,1.61
DDM,2026-05-13,0,0.11,0,0,0.50,8013,0.24,3.58,-59452,-0.03
DFC,2026-05-13,0,0,3240,0.10,0.17,1565,20.32,7.95,24024,1.32
DFF,2026-05-13,0,0.50,0,0,-1.04,-8324,-0.06,5,-4211,-0.12
DGC,2026-05-13,123300,6.58,3000,0.06,0.57,6940,6.90,6.06,41696,1.15
DGW,2026-05-13,118100,22.94,1500,0.04,1.08,2920,14.47,14.17,16613,2.54
DHA,2026-05-13,1500,14.59,1500,0.03,0.55,7578,6.04,10.33,34974,1.31
DHC,2026-05-13,1000,34.94,1000,0.03,0.75,4888,7.42,10,24302,1.49
DGT,2026-05-13,0,0.32,0,0,1.05,-105,-38.02,39.50,13199,0.30
DHB,2026-05-13,0,0,0,0,0.16,816,15.69,14.40,3155,4.06
DHD,2026-05-13,0,0.06,400,0.01,-0.05,1717,16.66,22.88,14452,1.98
DHG,2026-05-13,3300,54,11000,0.11,0.24,7243,13.42,12.62,33981,2.86
DHT,2026-05-13,0,40.77,0,0,0.25,485,142.20,260.41,12365,5.58
DHM,2026-05-13,0,0.12,0,0,0.10,390,16.92,34.75,10511,0.63
DIC,2026-05-13,0,0.18,0,0,-0.01,88,11.30,106.38,-2432,-0.41
DHP,2026-05-13,0,0.64,1000,0.09,0.13,1342,8.20,8.03,18443,0.60
DHN,2026-05-13,0,0,3000,0.13,0.13,0,0,10.05,0,0
DIG,2026-05-13,98800,2.24,0,0,0.92,1002,14.61,19.45,12748,1.15
DIH,2026-05-13,0,0.06,1500,0.17,0.39,807,11.16,4.14,18883,0.48
DKC,2026-05-13,0,0,1100,11,0,0,0,0.06,0,0
DL1,2026-05-13,0,0.33,0,0,0.76,296,17.55,4.70,11280,0.46
DLD,2026-05-13,0,0,0,0,-0.06,-2131,-2.30,-10.25,4194,1.17
DID,2026-05-13,0,0,0,0,1.17,173,23.11,34.72,11997,0.33
DLG,2026-05-13,0,6.06,0,0,0.76,1429,1.84,3.94,3554,0.74
DLT,2026-05-13,0,0.04,800,0.09,0,-37446,-0.23,2.83,337805,0.03
DM7,2026-05-13,0,0,3100,0.16,-0.06,3179,6.20,5.55,19684,1
DMC,2026-05-13,0,56.71,2500,0.04,0.14,5872,10.03,9.06,50138,1.17
DMN,2026-05-13,0,0,0,0,-0.07,1664,5.59,5.05,14638,0.64
DMS,2026-05-13,0,0,0,0,-0.42,1269,7.09,6.43,12103,0.74
DLR,2026-05-13,0,4.71,0,0,-0.02,5274,2.58,11.15,3610,3.77
DNA,2026-05-13,0,0,1500,0.06,0.33,2653,9.08,6.79,15949,1.51
DND,2026-05-13,0,0.31,0,0,1.12,-1319,-6.07,27.95,10529,0.76
DNC,2026-05-13,0,0.23,2500,0.05,0.02,5920,8.62,12.64,15702,3.25
DNE,2026-05-13,0,1.16,550,0.06,1.14,573,15.02,5.12,10575,0.81
DNL,2026-05-13,0,0.39,2200,0.07,0,6,5147.83,15.63,10344,2.86
DNH,2026-05-13,0,0,2100,0.05,-0.23,2486,15.81,25.75,12841,3.06
DNW,2026-05-13,0,0.05,1600,0.05,0.22,2269,13.62,13.26,21409,1.44
DNT,2026-05-13,0,0,600,0.01,0.17,0,0,41.37,0,0
DNP,2026-05-13,0,0.15,0,0,0.36,1155,16.62,8.13,46739,0.41
DNN,2026-05-13,0,0,2200,0.50,0.09,4428,0.99,1.07,16473,0.27
DOC,2026-05-13,0,0,300,0.04,-0.18,0,0,22.81,0,0
DOP,2026-05-13,0,0.15,1200,0.09,-0.60,0,0,7.05,0,0
DP2,2026-05-13,0,0,0,0,-0.13,-687,-6.84,940,3164,1.49
DNM,2026-05-13,0,3.56,0,0,0,-7441,-1.18,8.39,515,17.09
DP3,2026-05-13,0,0.88,4000,0.07,0.20,7650,7.75,14.17,30011,1.98
DPC,2026-05-13,0,1.37,0,0,-1.02,1505,4.19,11.17,12541,0.50
DP1,2026-05-13,0,0,1200,0.04,-0.27,4955,6.28,5.28,29158,1.07
DPG,2026-05-13,3400,18.77,1000,0.02,0.77,3550,11.58,8.69,30506,1.35
DPM,2026-05-13,221600,5.15,1500,0.06,0.27,2307,11.55,26.65,17379,1.53
DPR,2026-05-13,9000,2.97,2000,0.05,0.69,4324,9.83,10.67,39943,1.06
ECI,2026-05-13,0,4.79,0,0,-0.05,3134,3,8.99,18460,0.51
DPP,2026-05-13,0,0.01,3000,0.11,0,0,0,6.63,0,0
DQC,2026-05-13,200,0.59,0,0,0.50,563,19.99,19.33,28368,0.40
DPH,2026-05-13,0,0.06,2000,0.04,0.22,567,89.92,7.88,23699,2.15
DRC,2026-05-13,0,2.23,600,0.05,0.58,912,13.77,15.63,12720,0.99
DRI,2026-05-13,100,0.98,500,0.03,1.52,2463,5.81,7.01,10704,1.34
DRH,2026-05-13,17700,1.97,0,0,0.74,134,16.40,24.76,10497,0.21
DRL,2026-05-13,0,2.86,3200,0.07,0.07,5085,8.86,9.73,12628,3.57
DRG,2026-05-13,0,0,87,0.01,0.48,1387,6.27,17.48,11616,0.75
DS3,2026-05-13,0,0.11,0,0,0.13,754,6.50,5.23,9298,0.53
DSD,2026-05-13,0,0,0,0,0.31,351,39.03,33.34,10047,1.36
DSG,2026-05-13,0,0.17,0,0,0.87,-79,-84.29,-30.55,-297,-22.56
DSN,2026-05-13,0,14.63,4000,0.10,0.38,6004,6.44,6.40,27728,1.39
DSP,2026-05-13,0,0,0,0,-0.43,-479,-26.71,581.82,7253,1.76
DSE,2026-05-13,9400,11.14,700,0.03,0.75,684,32.82,17.48,15641,1.44
DST,2026-05-13,0,0.04,0,0,0.70,78,51.19,17.31,12407,0.32
DTA,2026-05-13,0,0.16,0,0,0.39,261,13.33,32.90,11463,0.30
DTC,2026-05-13,0,1.45,0,0,0.08,-2271,-2.16,34.10,-1538,-3.19
DTD,2026-05-13,1000,0.34,0,0,1.37,2941,4.96,6.81,25041,0.58
DTE,2026-05-13,0,0.01,0,0,0,5,764.46,1.45,10012,0.37
DTG,2026-05-13,0,0.11,0,0,0.17,2061,7.42,6.39,21331,0.72
DTH,2026-05-13,0,0,400,0.03,0.06,482,31.11,20.01,18177,0.83
DTI,2026-05-13,0,0,0,0,1.17,16,125.16,4.50,10081,0.20
DTL,2026-05-13,0,0.01,0,0,0.25,-1477,-7.79,64.60,9610,1.20
DTP,2026-05-13,0,0,1000,0.01,0.74,10484,10.42,12.22,38684,2.82
DTK,2026-05-13,0,0.01,500,0.04,0.84,1227,9.46,11.09,13479,0.86
DTT,2026-05-13,0,0.22,800,0.05,0.06,1933,9.13,19.18,17719,1
DUS,2026-05-13,0,0,0,0,0,6,1008.13,-1.08,13641,0.45
DVC,2026-05-13,0,0,700,0.06,0,0,0,5.31,0,0
DVP,2026-05-13,0,10.29,5000,0.07,0.25,8398,8.95,6.54,38190,1.97
DVG,2026-05-13,0,0.11,0,0,1.08,-45,-26.72,22.40,12211,0.10
DVM,2026-05-13,0,0,0,0,0.83,740,9.59,5.39,16495,0.43
DVN,2026-05-13,0,0.03,1000,0.05,1.09,2898,7.07,10.45,17644,1.16
DVW,2026-05-13,0,0,3000,0.07,-0.11,0,0,10.57,0,0
DWC,2026-05-13,0,0,1000,0.05,-0.08,2881,6.56,8.89,13937,1.36
DXL,2026-05-13,0,1.86,0,0,0.17,6197,2.66,81.63,12237,1.35
DXG,2026-05-13,395400,20.69,0,0,0.97,220,73.62,15.04,18969,0.85
DWS,2026-05-13,0,0,650,0.03,-0.15,2329,8.37,9.43,15416,1.26
DXS,2026-05-13,1252000,7.20,0,0,0.98,902,9.09,2.27,15757,0.52
DXP,2026-05-13,7000,1.43,500,0.03,0.83,2522,5.99,18.09,16844,0.90
DXV,2026-05-13,0,0.51,0,0,-0.13,94,41.02,41.66,9871,0.39
DZM,2026-05-13,0,9.71,0,0,0,-41,-70.27,8.40,-1391,-2.08
E1VFVN30,2026-05-13,83900,55.40,0,0,0,0,0,0,0,0
E12,2026-05-13,0,0,0,0,0.08,-5763,-0.82,56.40,3346,1.40
E29,2026-05-13,0,0,500,0.05,0.01,39,246.37,10.78,10048,0.95
EBS,2026-05-13,0,0.55,800,0.08,0.64,1462,7.25,10.94,14982,0.71
EIB,2026-05-13,5600,3.06,0,0,1.08,401,56.19,27.82,14191,1.59
ECO,2026-05-13,0,0.08,0,0,0.33,574,52.74,36.36,11386,2.66
EFI,2026-05-13,0,0.03,0,0,1.50,48,68.21,22.44,15037,0.22
EID,2026-05-13,0,12.13,1700,0.08,0.48,3949,5.27,8,33158,0.63
ELC,2026-05-13,55600,2.21,0,0,0.69,1207,13.25,12.33,13914,1.15
EIN,2026-05-13,0,0.03,0,0,1.48,-1361,-1.69,208.90,5446,0.42
EIC,2026-05-13,0,0.04,0,0,0.23,1479,15.22,23.91,12054,1.87
EME,2026-05-13,0,3.09,500,0.02,0.11,0,0,20.85,0,0
EMG,2026-05-13,0,0,1500,0.16,0,0,0,2.10,0,0
EMS,2026-05-13,0,1.90,1000,0.05,1.67,3545,5.92,6.36,16616,1.26
EVE,2026-05-13,500,68.13,500,0.05,0.44,946,10.68,8.48,22931,0.44
EVF,2026-05-13,468500,0.42,0,0,0.89,1210,10.99,7.63,13336,1
EVG,2026-05-13,0,0.29,0,0,0.81,400,15.93,20.56,13622,0.47
FBC,2026-05-13,0,0,10000,2.70,0,929,3.98,0.17,17627,0.21
EVS,2026-05-13,0,0.02,0,0,1.12,-945,-4.87,127.64,11052,0.42
FCC,2026-05-13,0,0,0,0,-0.09,0,0,541.73,0,0
FCM,2026-05-13,1000,3.29,150,0.05,0.43,403,7.88,8.55,11921,0.27
FCN,2026-05-13,2100,30.87,400,0.03,0.69,810,16.23,8.28,21308,0.62
FGL,2026-05-13,0,0,0,0,-0.22,-908,-4.51,43.38,334,12.28
FCS,2026-05-13,0,0,0,0,-1.26,26,158.85,510.59,2054,2
FDC,2026-05-13,0,0.02,0,0,0.33,5437,3.72,28.02,17389,1.16
FHN,2026-05-13,0,0,2100,0.21,0,141,70.83,10.71,15962,0.63
FIC,2026-05-13,0,0,500,0.03,2.16,987,20.15,17.02,13219,1.51
FID,2026-05-13,0,0,0,0,-0.05,-557,-3.23,29.66,9601,0.19
FHS,2026-05-13,0,0,1800,0.05,0.07,4813,7.27,6.11,20075,1.74
FIT,2026-05-13,0,0.01,0,0,0.77,58,71.92,22.83,17742,0.24
FIR,2026-05-13,4000,0.20,0,0,0.61,309,18.09,4.95,10573,0.53
FOX,2026-05-13,0,0,0,0,2.13,5296,15.61,11.98,16420,5.04
FMC,2026-05-13,100,30.99,4000,0.11,0.52,5764,6.25,5.21,40763,0.88
FRC,2026-05-13,0,0,500,0.02,0,8,3333.33,6.25,11678,2.14
FPT,2026-05-13,669100,29.43,2000,0.03,0.83,6010,11.75,10.34,23553,3
FOC,2026-05-13,0,1.04,10000,0.15,0.74,9225,7.22,6.15,43564,1.53
FRM,2026-05-13,0,0,0,0,-0.20,117,70.70,23.34,11343,0.73
FRT,2026-05-13,42400,32.06,0,0,0.82,5794,23.87,15.20,32377,4.27
FT1,2026-05-13,0,0.23,5142,0.12,0.21,0,0,5.61,0,0
FTI,2026-05-13,0,0,0,0,0,-331,-11.18,3.86,8688,0.43
FSO,2026-05-13,0,0.01,400,0.03,-0.61,0,0,23.44,0,0
FTS,2026-05-13,52700,24.85,500,0.02,0.84,1202,22.18,16.79,13072,2.04
FTM,2026-05-13,0,0.37,0,0,0.81,-2261,-0.22,6.10,-20458,-0.02
GSM,2026-05-13,0,0.01,2000,0.07,0.53,3954,7.49,13.74,20549,1.44
FUCTVGF4,2026-05-13,0,0,0,0,0,0,0,0,0,0
FUCTVGF5,2026-05-13,0,0.46,0,0,0,0,0,0,0,0
FUCVREIT,2026-05-13,0,0.51,0,0,0,0,0,0,0,0
FUCTVGF3,2026-05-13,0,0,0,0,0,0,0,0,0,0
FUEABVND,2026-05-13,0,9.41,0,0,0,0,0,0,0,0
FUEFCV50,2026-05-13,0,0.18,0,0,0,0,0,0,0,0
FUEBFVND,2026-05-13,0,0,0,0,0,0,0,0,0,0
FUEDCMID,2026-05-13,0,73.74,0,0,0,0,0,0,0,0
FUEIP100,2026-05-13,0,1.17,0,0,0,0,0,0,0,0
FUEKIVFS,2026-05-13,0,63.69,0,0,0,0,0,0,0,0
FUEKIVND,2026-05-13,100,67.42,0,0,0,0,0,0,0,0
FUEKIV30,2026-05-13,100,91.23,0,0,0,0,0,0,0,0
FUEMAV30,2026-05-13,4529600,63.46,0,0,0,0,0,0,0,0
FUESSV30,2026-05-13,200,26.69,0,0,0,0,0,0,0,0
FUEMAVND,2026-05-13,100,68.19,0,0,0,0,0,0,0,0
FUEVFVND,2026-05-13,5100,89.45,0,0,0,0,0,0,0,0
FUESSVFL,2026-05-13,0,50.73,0,0,0,0,0,0,0,0
FUEVN100,2026-05-13,12400,3.03,0,0,0,0,0,0,0,0
G20,2026-05-13,0,0.03,0,0,0.40,-1835,-0.27,2.77,4322,0.12
G36,2026-05-13,0,0,381,0.03,1.86,235,46.75,56.31,10975,1
GAS,2026-05-13,899800,2.16,2100,0.03,0.70,4879,15.68,20.47,29255,2.61
FUESSV50,2026-05-13,0,22.24,0,0,0,0,0,0,0,0
GDA,2026-05-13,0,18.20,1000,0.07,1.86,1986,6.95,6.86,26778,0.52
GDW,2026-05-13,0,7.11,2886,0.09,-0.40,4246,7.65,6.05,19825,1.64
GEE,2026-05-13,290900,1.33,5500,0.04,1.45,9431,13.17,21.43,21968,5.65
GDT,2026-05-13,600,6.87,2000,0.11,0.14,3107,5.79,5.79,14077,1.28
GEG,2026-05-13,0,45.24,0,0,0.47,1279,11.06,15.45,16299,0.87
GCB,2026-05-13,0,0,0,0,-0.67,577,8.83,2.23,16405,0.31
GER,2026-05-13,0,0.01,0,0,0.21,-417,-9.59,15.74,10618,0.38
GCF,2026-05-13,1900,2.52,1600,0.08,1.05,3080,6.14,9.10,15404,1.23
GHC,2026-05-13,700,3.88,2000,0.07,0.23,3477,7.77,6.88,24048,1.12
GGG,2026-05-13,0,2.09,0,0,-0.87,-457,-4.38,4.32,-2368,-0.84
GEX,2026-05-13,3053300,8.76,800,0.02,1.35,1732,19.92,8.61,37608,0.92
GIC,2026-05-13,0,9.34,0,0,0.48,1172,11.10,11.55,19167,0.68
GH3,2026-05-13,0,0,430,0.12,0,0,0,4.14,0,0
GIL,2026-05-13,0,1.25,0,0,0.54,373,34.90,8.81,26184,0.50
GLC,2026-05-13,0,0,0,0,0,-1058,-5.67,-4.03,704,8.52
GKM,2026-05-13,0,0.04,0,0,0.36,-61,-26.33,1.68,9522,0.17
GLW,2026-05-13,0,0,1000,0.07,0,810,17.03,20.48,11361,1.21
GLT,2026-05-13,0,1.46,3400,0.11,0.27,556,53.45,17.33,15626,1.90
GMA,2026-05-13,0,0,1000,0.02,-0.12,779,73.20,62.30,23802,2.39
GMC,2026-05-13,0,4.72,0,0,-0.37,-598,-8.20,4.04,10202,0.48
GMD,2026-05-13,94600,41.92,2000,0.02,0.79,4221,19.33,12.43,36504,2.24
GND,2026-05-13,0,0.25,2000,0.06,0.15,508,62.93,14.21,15590,2.05
GMH,2026-05-13,0,0.86,1000,0.13,0.17,1110,6.79,6.03,10950,0.69
GMX,2026-05-13,0,5.99,1800,0.11,-0.10,2080,7.74,8.29,12852,1.25
GPC,2026-05-13,0,0,0,0,1.28,85,22.27,2.45,11052,0.17
GSP,2026-05-13,0,0.67,500,0.04,0.17,1466,7.64,7.27,13864,0.81
GTD,2026-05-13,0,0,0,0,-0.19,0,0,11469.77,0,0
GTA,2026-05-13,0,0.34,500,0.06,0.01,662,12.70,10.84,16304,0.52
GTS,2026-05-13,0,0,900,0.08,-0.13,1679,6.61,12.04,12316,0.90
GVT,2026-05-13,0,0.02,6300,0.07,0.09,1034,85.26,10.24,12607,7
GVR,2026-05-13,368200,0.65,400,0.01,1,1638,22.16,26.12,16246,2.23
H11,2026-05-13,0,0.01,0,0,-1.30,0,0,32.61,0,0
HAC,2026-05-13,0,0.23,0,0,2.22,1328,7.53,16.29,10258,0.97
GTT,2026-05-13,0,0.12,0,0,0,-2979,-0.10,-0.08,-24716,-0.01
HAH,2026-05-13,49800,11.36,1000,0.02,0.86,8314,6.94,9.41,35765,1.61
HAF,2026-05-13,0,0,0,0,-0.66,-1881,-9.09,-78.95,7293,2.34
HAD,2026-05-13,0,10.11,1200,0.09,0.41,1740,8.05,8.11,18313,0.76
HAM,2026-05-13,0,0,1200,0.03,-0.35,0,0,6.66,0,0
HAP,2026-05-13,0,1.48,0,0,0.21,-1124,-6.23,16.27,10787,0.65
HAS,2026-05-13,0,15.25,0,0,0.02,-356,-22.21,27.48,15898,0.50
HAG,2026-05-13,2200,1.94,0,0,0.70,2506,6.50,4.92,12594,1.29
HAR,2026-05-13,2300,3.02,0,0,0.53,124,27.59,28.97,11448,0.30
HAT,2026-05-13,0,3.67,3000,0.10,0.02,4151,7.47,14.62,24160,1.28
HAN,2026-05-13,0,0,250,0.03,0.87,362,23.77,25.86,12581,0.68
HBC,2026-05-13,0,8.98,0,0,1.50,739,6.90,4.92,5758,0.89
HAV,2026-05-13,0,0.01,0,0,0.10,0,0,31.88,0,0
HAX,2026-05-13,0,7.17,0,0,0.64,50,203.79,5.43,13461,0.75
HBD,2026-05-13,0,0.28,1400,0.07,0.19,1348,14.10,9.05,14685,1.29
HBH,2026-05-13,0,0.82,100,0.02,-0.16,107,52.17,87.84,10655,0.53
HC1,2026-05-13,0,0,1000,0.07,-0.25,482,27.82,6.50,24076,0.56
HBS,2026-05-13,0,0.37,0,0,0.20,273,14.64,2.87,11171,0.36
HC3,2026-05-13,0,0.08,2000,0.08,0.01,2279,11.41,11.69,27916,0.93
HCI,2026-05-13,0,0,0,0,-0.01,0,0,-16.22,0,0
HCC,2026-05-13,0,13.86,2000,0.08,0.39,5647,4.52,9.78,17336,1.47
HCD,2026-05-13,0,0.21,0,0,0.29,623,12.76,9.67,13779,0.58
HCM,2026-05-13,222600,34.74,800,0.03,1.01,1403,19.74,16.26,13336,2.08
HCT,2026-05-13,0,0.38,0,0,-0.06,303,35.04,39.43,19501,0.54
HD6,2026-05-13,0,0,0,0,0.80,164,54.84,5.63,26834,0.34
HD2,2026-05-13,0,0.06,0,0,1.73,1854,5.39,9.45,16430,0.61
HDA,2026-05-13,0,0.18,0,0,0.12,888,7.55,14.86,13527,0.50
HD8,2026-05-13,0,0.02,150,0.02,-0.80,0,0,46,0,0
HDB,2026-05-13,980500,21.81,0,0,0.88,4393,6.23,4.55,16620,1.65
HDC,2026-05-13,11700,1.50,0,0,0.91,3692,5.08,7.60,14996,1.25
HDG,2026-05-13,5600,18.37,500,0.02,0.77,1647,15.24,8.07,22476,1.12
HDM,2026-05-13,0,0.07,1500,0.04,1.24,7781,4.58,4.08,27702,1.29
HDP,2026-05-13,0,0.15,1600,0.06,0.13,434,59.95,17.22,13684,1.90
HDW,2026-05-13,0,0.04,810,0.05,-0.12,1719,9.89,11.13,14380,1.18
HEC,2026-05-13,0,0,4500,0.07,0.19,0,0,7.89,0,0
HEJ,2026-05-13,0,0,0,0,0.80,0,0,31.46,0,0
HEP,2026-05-13,0,2.78,1200,0.08,0.09,0,0,5.89,0,0
HES,2026-05-13,0,0,1000,0.04,0.38,515,45.61,20.21,12500,1.88
HFB,2026-05-13,0,0,600,0.07,-0.01,0,0,13.69,0,0
HFC,2026-05-13,0,0,0,0,-0.30,0,0,7.11,0,0
HEV,2026-05-13,0,0.52,0,0,-0.12,155,45.11,70,12947,0.54
HFX,2026-05-13,0,0,0,0,0,0,0,3.74,0,0
HGM,2026-05-13,0,0.32,30600,0.18,0.51,33319,5.16,13.45,41173,4.17
HGT,2026-05-13,0,49,0,0,-0.11,-835,-14.48,96.88,9572,1.26
HHG,2026-05-13,0,0.50,0,0,1.16,-574,-1.39,5.24,444,1.80
HHC,2026-05-13,0,0.17,0,0,0.32,3580,20.87,17.53,41603,1.80
HHN,2026-05-13,0,0,300,1.50,0,0,0,0.35,0,0
HHS,2026-05-13,0,0.37,0,0,0.97,8542,1.50,7.40,38587,0.33
HHP,2026-05-13,95700,7.76,0,0,0.56,623,23.13,22.15,13232,1.09
HHV,2026-05-13,0,10.18,0,0,0.71,1293,9.52,8.79,25907,0.47
HID,2026-05-13,2600,0.26,0,0,0.39,375,11.44,18.54,11772,0.36
HIO,2026-05-13,0,0.01,0,0,0.64,4184,2.08,6.36,17852,0.49
HJC,2026-05-13,0,0.53,0,0,0.26,1429,4.76,5.20,15189,0.45
HII,2026-05-13,0,0.26,300,0.04,0.71,1770,3.80,5.32,13254,0.51
HKB,2026-05-13,0,0.79,0,0,0.21,-1131,-0.53,-2.68,279,2.15
HJS,2026-05-13,0,0.16,1800,0.06,0.02,2042,14.64,16.59,15441,1.94
HKT,2026-05-13,0,0.04,0,0,0.25,410,53.62,23.66,10567,2.08
HLA,2026-05-13,0,0.12,0,0,0,-3771,-0.11,0.40,-46986,-0.01
HLC,2026-05-13,400,6.94,800,0.07,0.29,3168,3.72,6.34,17544,0.67
HLO,2026-05-13,0,39.34,0,0,-0.27,0,0,12.62,0,0
HLD,2026-05-13,0,2.58,475,0.03,0.92,602,27.59,11.78,12282,1.35
HLB,2026-05-13,0,30.91,11000,0.03,0.62,0,0,11.01,0,0
HLS,2026-05-13,0,0,4000,0.14,0.06,0,0,16.61,0,0
HLY,2026-05-13,0,0.96,0,0,-0.11,-4613,-2.49,-1.11,609064,0.02
HMC,2026-05-13,0,0.37,800,0.07,0.22,1335,8.54,11.12,15678,0.73
HMH,2026-05-13,0,0.39,2000,0.13,0.04,2100,7.19,8.04,18315,0.82
HLT,2026-05-13,0,0,0,0,0,16,669.61,36.44,19390,0.55
HMG,2026-05-13,0,0,800,0.17,0.08,2043,2.30,3.53,11124,0.42
HMR,2026-05-13,0,0,0,0,1.04,597,16.09,9.13,14429,0.67
HMS,2026-05-13,0,0.03,1000,0.03,0.70,0,0,5.81,0,0
HNB,2026-05-13,0,0.34,700,0.06,0.19,740,16.36,6.95,10688,1.13
HNA,2026-05-13,0,0,1000,0.05,0.29,2254,9.63,24.80,15033,1.44
HND,2026-05-13,0,0.01,100,0.01,0.82,943,11.35,19.19,12353,0.87
HNF,2026-05-13,0,0.12,3500,0.14,1.78,3359,7.65,7.57,23670,1.09
HNG,2026-05-13,350000,1.54,0,0,1.67,-808,-9.28,-69.27,1073,6.99
HNM,2026-05-13,0,0.15,500,0.07,0.25,297,24.93,7.30,10718,0.69
HNP,2026-05-13,0,4.05,800,0.03,0.49,0,0,21.22,12531,2.39
HOM,2026-05-13,0,1.42,0,0,0.53,323,13.30,11.79,12265,0.35
HNR,2026-05-13,0,45.57,0,0,0,-196,-61.22,-7.27,17199,0.70
HNI,2026-05-13,0,0.73,1500,0.05,0.34,3938,7.64,19.88,22590,1.33
HOT,2026-05-13,0,0.02,0,0,0.01,2393,8.90,10.98,9043,2.36
HPB,2026-05-13,0,0.09,10000,0.48,0.77,4007,5.19,13.31,21939,0.95
HPD,2026-05-13,0,0.36,1000,0.06,0.34,3299,5,4.62,16361,1.01
HPH,2026-05-13,0,0,0,0,0.03,0,0,197.75,0,0
HPI,2026-05-13,0,0,0,0,0.08,0,251428.57,30.68,7342,2.40
HPG,2026-05-13,5314500,22.40,500,0.02,0.63,2887,9.32,9.38,18212,1.48
HPP,2026-05-13,100,23.67,3000,0.04,0.46,0,0,4.47,0,0
HPM,2026-05-13,0,1.28,0,0,-0.05,3215,1.96,1.60,10000,0.63
HPT,2026-05-13,0,3.27,500,0.02,0.51,34,816.27,8.76,3553,7.74
HRB,2026-05-13,0,0.09,6050,0.15,0,0,0,18.11,0,0
HQC,2026-05-13,10000,1.09,0,0,0.77,129,19.37,15.95,9485,0.26
HPW,2026-05-13,0,0.14,1500,0.06,0.23,2249,10.67,11.70,15852,1.51
HPX,2026-05-13,0,0.38,0,0,0.63,384,12.04,5.62,11709,0.39
HRC,2026-05-13,0,0.56,0,0,-0.42,1380,32.60,52.58,21033,2.14
HSA,2026-05-13,0,0,0,0,0,9841,3.35,27.35,33698,0.98
HSG,2026-05-13,1600,3.62,0,0,0.73,869,14.16,15.28,18486,0.67
HSM,2026-05-13,0,0,0,0,0.58,565,12.38,7.17,19757,0.35
HSV,2026-05-13,0,0.05,0,0,1.36,290,14.85,10.17,20882,0.21
HSP,2026-05-13,0,2.95,0,0,0.04,3499,4.57,12.03,18792,0.85
HSL,2026-05-13,2200,0.43,0,0,0.44,115,43.43,13.06,11903,0.42
HT1,2026-05-13,0,2.16,100,0.01,0.76,945,15.13,13.61,13540,1.06
HTC,2026-05-13,0,0.05,1300,0.04,0.08,1457,21.55,20.24,18427,1.70
HTE,2026-05-13,0,0,0,0,0.04,375,8.53,35.35,9900,0.32
HTG,2026-05-13,0,0.02,2500,0.06,0.29,9007,4.62,3.54,32544,1.28
HTM,2026-05-13,0,0,0,0,0.34,-82,-114.65,918.87,9897,0.95
HTL,2026-05-13,0,30.47,3000,0.14,0.22,2272,9.68,7.44,14588,1.51
HTN,2026-05-13,2100,0.62,0,0,0.76,-71,-113.46,14.35,17509,0.46
HTI,2026-05-13,0,7.47,1800,0.08,0.51,5629,4.21,4.72,26306,0.90
HTP,2026-05-13,0,0,0,0,0.43,17,60.13,78.74,8316,0.12
HTT,2026-05-13,0,0.70,0,0,0.98,-289,-5.55,5.19,5251,0.30
HTV,2026-05-13,0,5.82,300,0.02,0.19,1336,9.92,10.58,26232,0.51
HU1,2026-05-13,0,0.02,0,0,0.15,373,18.22,11.33,15046,0.45
HU3,2026-05-13,0,0.08,0,0,1.64,-259,-11.19,29,14308,0.20
HU4,2026-05-13,0,0.02,500,0.05,1.02,1792,5.30,5.57,14754,0.64
HUG,2026-05-13,0,0,3000,0.10,0.95,4318,6.72,8.08,16886,1.72
HUT,2026-05-13,12500,2.23,0,0,0.88,449,34.72,15.39,17019,0.92
HU6,2026-05-13,0,0.14,0,0,0.91,0,0,2245.99,0,0
HUB,2026-05-13,500,0.63,0,0,0.31,2540,5.24,6.19,22555,0.59
HVA,2026-05-13,0,24.32,0,0,0.79,343,17.50,8.19,11154,0.54
HVH,2026-05-13,3000,0.05,0,0,0.41,1302,8.76,9.85,13029,0.87
HVN,2026-05-13,1300,8.33,0,0,1.03,3130,6.90,13.13,3610,5.98
HVT,2026-05-13,0,0.46,1500,0.05,0.58,4278,6.45,7.43,19505,1.42
HVX,2026-05-13,0,0.84,0,0,0.24,-1069,-2.24,-2.50,6645,0.36
ICC,2026-05-13,0,0.11,1200,0.04,1.14,0,0,16.21,0,0
IBD,2026-05-13,0,0,600,0.11,2.29,208,25.94,5.71,10203,0.53
ICF,2026-05-13,0,2.60,0,0,0.86,-218,-12.85,29.88,6294,0.44
HWS,2026-05-13,0,1.07,950,0.06,0.28,1628,9.15,9.21,13217,1.13
ICI,2026-05-13,0,0,0,0,0.08,0,0,68,0,0
ICN,2026-05-13,0,0.01,3000,0.10,0.70,4049,7.68,35.91,16355,1.90
ICT,2026-05-13,0,0.29,1000,0.06,0.36,998,18.03,14.42,20405,0.88
IDI,2026-05-13,22100,0.47,0,0,0.67,522,11.33,8.98,13432,0.44
ICG,2026-05-13,0,6.21,2500,0.13,0.66,1260,14.85,13.90,20406,0.92
IDC,2026-05-13,40300,16.82,1500,0.03,1.45,5247,8.50,5.83,23320,1.91
IDJ,2026-05-13,0,0.56,0,0,1.19,-700,-5.72,25.42,11143,0.36
IDP,2026-05-13,0,13.30,2500,0.01,0.51,5051,55.93,24.94,58119,4.86
IDV,2026-05-13,0,19.68,1000,0.04,0.61,3098,7.42,7.21,19726,1.17
IFS,2026-05-13,0,97.61,1984,0.12,0.22,1679,10.25,10.19,14231,1.21
IJC,2026-05-13,0,4.24,500,0.05,0.60,1326,7.58,11.70,12975,0.77
IHK,2026-05-13,0,0.04,0,0,0.05,1501,5.26,-5.30,13392,0.59
ILA,2026-05-13,0,0,0,0,0.88,-1028,-5.15,20.82,8811,0.60
IME,2026-05-13,0,0,500,0.01,0.37,491,91.58,20.62,11382,3.95
ILC,2026-05-13,0,0.24,0,0,-1.53,237,29.08,6.01,8142,0.85
ILS,2026-05-13,0,0,0,0,0.86,986,24.13,112.80,10709,2.22
ILB,2026-05-13,0,12.84,1466,0.07,0.29,2993,7.30,7.16,23385,0.93
IMP,2026-05-13,500,72.75,500,0.01,0.10,2316,20.23,14.38,15444,3.03
IPA,2026-05-13,0,0.42,0,0,1.10,2578,5.70,6.72,23346,0.63
INN,2026-05-13,0,3.65,2000,0.05,0.28,5855,6.59,6.72,32195,1.20
IN4,2026-05-13,0,0,1800,0.04,-0.20,1487,29.39,6.24,15729,2.78
INC,2026-05-13,0,5.86,0,0,0.08,733,17.73,14.86,11441,1.14
IRC,2026-05-13,0,0,167,0.04,0,1021,4.60,11.36,11028,0.43
ITA,2026-05-13,0,0.40,0,0,0,79,29.11,9.24,11478,0.20
ISG,2026-05-13,0,0,0,0,0.03,-3204,-2.81,0.93,-36288,-0.25
IST,2026-05-13,0,0.19,2053,0.06,0.26,5932,6.14,7.57,19572,1.86
ISH,2026-05-13,0,0.15,3000,0.12,0.50,1998,12.81,14.24,12266,2.09
ITC,2026-05-13,0,0.27,0,0,0.67,571,21.19,18.22,28858,0.42
ITS,2026-05-13,0,0.09,100,0.03,0.74,172,22.64,8.60,10916,0.36
ITQ,2026-05-13,0,0.11,0,0,0.86,190,13.68,11.83,10630,0.24
IVS,2026-05-13,0,85.41,49,0.01,0.74,189,38.07,16.49,11301,0.64
JOS,2026-05-13,0,0.27,0,0,0.53,-12581,-0.11,0,-33473,-0.04
ITD,2026-05-13,1000,1.77,1000,0.06,0.10,359,44.96,10.60,17484,0.92
KBC,2026-05-13,48000,8.67,0,0,1.13,1782,18.66,10.44,28628,1.16
JVC,2026-05-13,1900,0.72,0,0,0.49,328,11.94,8.02,5666,0.69
KCB,2026-05-13,0,0.13,500,0.04,2.16,2019,5.89,12.69,10875,1.09
KDC,2026-05-13,23600,15.90,1200,0.03,0.07,2223,21.55,19.83,25479,1.88
KDH,2026-05-13,256400,26.30,0,0,0.93,1120,21.08,17.66,19180,1.23
KDM,2026-05-13,0,0,0,0,-0.01,-634,-42.88,23.75,9454,2.88
KGM,2026-05-13,0,0,175,0.03,0.75,604,9.27,8.38,10973,0.51
KHD,2026-05-13,0,0,3500,0.20,-0.13,-765,-22.88,2.42,13963,1.25
KHG,2026-05-13,20500,0.71,0,0,0.72,143,37.10,19.44,11799,0.45
KHW,2026-05-13,0,0,1700,0.05,0.55,3120,10.74,10.74,15381,2.18
KHS,2026-05-13,0,0.18,2000,0.14,0.26,2856,5.15,10.76,17166,0.86
KHP,2026-05-13,0,1.20,500,0.05,0.37,1319,7.93,16.15,11636,0.90
KIP,2026-05-13,0,0,1000,0.10,0.06,1948,5.24,5,22740,0.45
KMR,2026-05-13,0,62.60,0,0,0.17,93,29.40,25.82,11463,0.24
KKC,2026-05-13,0,0.40,0,0,0.36,1860,3.17,38.35,10896,0.54
KLB,2026-05-13,3100,1.77,0,0,0.66,4356,3.26,3.18,15208,0.93
KMT,2026-05-13,0,0.02,800,0.08,-0.01,467,20.77,4.78,13868,0.70
KPF,2026-05-13,0,0.14,0,0,0,212,5.66,62.43,8604,0.14
KOS,2026-05-13,5100,0.21,0,0,0.03,85,452.90,83.78,10811,3.58
KSB,2026-05-13,0,0.78,0,0,0.62,1336,11.79,7.60,24523,0.64
KSD,2026-05-13,0,25.02,0,0,0.28,-620,-6.62,16.40,9990,0.41
KSF,2026-05-13,1000,0.01,0,0,1.80,15352,5.82,10.06,22406,3.99
KSQ,2026-05-13,0,0.51,0,0,1.33,197,6.08,100,9024,0.13
KST,2026-05-13,0,0.31,1094,0.08,0.58,1843,7.32,6.58,13654,0.99
KTT,2026-05-13,0,0.62,0,0,0,-7007,-0.33,0.85,1882,1.22
KTL,2026-05-13,0,0.10,750,0.04,0.12,3344,6.28,5.52,23111,0.91
KTC,2026-05-13,0,0,400,0.04,0,1405,6.55,16.78,12186,0.75
KTS,2026-05-13,0,0.17,500,0.02,0.58,1525,13.84,9.30,50572,0.42
KSV,2026-05-13,0,0,1500,0.01,0.87,13161,11.78,31,31803,4.87
L12,2026-05-13,0,0.03,0,0,1.06,430,11.16,8.27,18045,0.27
L10,2026-05-13,0,1,1500,0.06,-0.04,4044,6.64,8.85,31556,0.85
L14,2026-05-13,1200,0.26,0,0,1.24,491,47.67,40.12,14540,1.61
KVC,2026-05-13,0,0.71,0,0,0.81,-563,-2.13,37.13,8691,0.14
L18,2026-05-13,0,0,0,0,0.79,3834,5.74,3.65,22085,1
L40,2026-05-13,0,0,500,0.01,0.68,9894,6.97,3.73,59722,1.16
L43,2026-05-13,0,0.06,0,0,0.84,-1562,-1.92,43.57,3027,0.99
L35,2026-05-13,0,0.01,0,0,-0.22,-287,-8.71,544.66,1540,1.62
L45,2026-05-13,0,0.21,0,0,0.19,17,99.36,70.95,10942,0.16
L61,2026-05-13,0,0,0,0,-0.09,-7010,-0.17,-0.16,-2555,-0.47
L62,2026-05-13,0,0,0,0,-0.20,-14199,-0.18,215.77,-5466,-0.48
LAF,2026-05-13,0,2.42,1500,0.09,0.17,2794,6.08,4.62,17337,0.98
LAI,2026-05-13,0,0,0,0,1.18,1922,6.19,14.84,14345,0.83
LBE,2026-05-13,0,3.17,0,0,0.02,8193,3.59,5.30,20719,1.42
LAW,2026-05-13,0,0,0,0,-0.25,2017,13.39,9.47,17679,1.53
LAS,2026-05-13,30300,0.05,1200,0.08,1.03,1138,13.71,8.38,13379,1.17
LBM,2026-05-13,1000,11.47,2500,0.09,0.45,3709,7.56,7.48,16868,1.66
L63,2026-05-13,0,0,0,0,0.25,0,0,98.31,0,0
LCG,2026-05-13,32600,2.32,0,0,0.73,741,12.92,7.99,13539,0.71
LCD,2026-05-13,0,0,0,0,0,94,207.52,19.28,20461,0.96
LDP,2026-05-13,0,0.14,0,0,0.19,1829,4.32,21.14,10275,0.77
LCM,2026-05-13,0,4.04,0,0,-0.19,-185,-3.78,3.45,4866,0.14
LDG,2026-05-13,14100,0.66,0,0,0.81,571,5.66,4.12,5037,0.64
LG9,2026-05-13,0,0,0,0,-0.91,0,0,10.05,0,0
LEC,2026-05-13,0,0,0,0,0.67,-651,-8.14,278.95,10925,0.49
LDW,2026-05-13,0,0,610,0.02,0.02,1018,27.50,23.34,12596,2.22
LGC,2026-05-13,0,44.97,1200,0.02,0.05,2085,31.08,26.52,29590,2.19
LIC,2026-05-13,0,0,0,0,1.40,915,31.68,50.09,6122,4.74
LHC,2026-05-13,0,0.54,0,0,0.46,7378,13.01,0.01,58976,1.63
LHG,2026-05-13,200,6.81,1900,0.07,0.49,5885,4.75,9.64,38968,0.72
LIX,2026-05-13,100,2.50,1200,0.04,0.55,3083,9.96,12.43,16644,1.84
LGL,2026-05-13,1000,0.47,0,0,0.39,311,20.03,6.42,13557,0.46
LIG,2026-05-13,0,0,0,0,1,195,18.49,5.83,13848,0.26
LLM,2026-05-13,0,0.01,350,0.02,2.09,4891,4.42,172.21,19526,1.11
LM3,2026-05-13,0,0.66,0,0,1.34,-6150,-0.31,43.49,-62383,-0.03
LKW,2026-05-13,300,2.91,6000,0.17,0.08,0,0,8.44,11318,3.14
LM7,2026-05-13,0,0.45,0,0,-0.52,-1851,-0.92,170,-1390,-1.22
LMC,2026-05-13,0,0,0,0,0.07,421,19.73,1.56,11784,0.70
LMH,2026-05-13,0,0.01,0,0,-0.09,-227,-5.74,2.22,-2115,-0.61
LNC,2026-05-13,0,0,67,0.02,0,104,38.57,12.62,10037,0.40
LO5,2026-05-13,0,0.86,0,0,0.68,-1037,-0.48,-0.46,-23802,-0.02
LMI,2026-05-13,0,1.20,800,0.08,-0.01,0,0,12.03,0,0
LPB,2026-05-13,177100,0.95,5500,0.10,0.36,3738,14.58,10.87,16561,3.29
LM8,2026-05-13,0,0.45,1000,0.07,-0.09,1369,9.90,6.97,32833,0.41
LPT,2026-05-13,0,0,1000,0.13,-0.71,1552,5.09,9.67,13337,0.59
LSG,2026-05-13,0,0.03,0,0,0.34,234,145.95,1508.60,11987,2.85
LTG,2026-05-13,0,33.50,0,0,0.17,2818,2.20,1.19,29520,0.21
LTC,2026-05-13,0,1.87,0,0,0.18,-527,-3.23,25.99,11295,0.15
LSS,2026-05-13,0,0.59,500,0.06,0.31,88,93.99,5.53,20221,0.41
LUT,2026-05-13,0,0.54,0,0,-0.67,-161,-3.11,9.38,7108,0.07
LQN,2026-05-13,0,0,0,0,0,0,0,8.33,0,0
M10,2026-05-13,0,0,500,0.02,0.48,5863,3.85,3.80,22957,0.98
MAC,2026-05-13,0,0.05,0,0,0,2600,5.19,10.79,21561,0.63
MA1,2026-05-13,0,0,3500,0.10,-0.27,0,0,5.24,0,0
MAS,2026-05-13,0,14.94,0,0,0.61,2222,15.75,22.40,10254,3.41
MBB,2026-05-13,234200,23.05,300,0.01,0.77,3848,6.73,10.28,18590,1.39
MBG,2026-05-13,0,1.88,0,0,1.03,154,18.19,15.10,10903,0.26
MBN,2026-05-13,0,0,0,0,0,0,0,-6.35,0,0
MCG,2026-05-13,0,0.12,0,0,1.50,-148,-17.57,271.97,4198,0.62
MCC,2026-05-13,0,0.08,0,0,0,704,19.46,11.22,14788,0.93
MBS,2026-05-13,1800,0.39,1200,0.06,1.30,1922,10.10,7,12547,1.55
MCF,2026-05-13,0,1.47,1300,0.16,0.33,1084,7.29,8.35,11431,0.69
MCH,2026-05-13,16400,15.42,5000,0.04,0.71,6355,19.83,21.89,13767,9.15
MCM,2026-05-13,0,0.03,2000,0.07,0.40,2255,12.75,13.12,21377,1.34
MDA,2026-05-13,0,0,292,0.06,-0.31,0,0,1.73,0,0
MCP,2026-05-13,0,0.14,400,0.01,0.19,392,69.21,19.33,13768,1.97
MCO,2026-05-13,0,0.55,0,0,0.22,-8,-619.05,106.71,12986,0.40
MDG,2026-05-13,0,0.06,600,0.02,0.26,6523,5.67,4.59,19067,1.94
MED,2026-05-13,0,0.01,1200,0.07,0.05,1708,10.77,11.74,27175,0.68
MDC,2026-05-13,0,17.77,700,0.07,-0.05,1409,6.81,6.92,15036,0.64
MDF,2026-05-13,0,0,0,0,1.55,173,26.55,30.92,11889,0.39
MEC,2026-05-13,0,0.32,0,0,-0.09,-2318,-1.29,27.54,2785,1.08
MEF,2026-05-13,0,6.29,5000,2.38,-0.51,0,0,0.24,0,0
MEL,2026-05-13,0,0.04,0,0,0,728,10.58,13.59,18087,0.43
MES,2026-05-13,0,0,0,0,0,40,252.65,3717.47,8773,1.14
MGG,2026-05-13,0,0,1500,0.06,-0.01,0,0,7.35,0,0
MFS,2026-05-13,0,10.12,2500,0.07,1.74,826,42.37,15.45,22279,1.57
MGR,2026-05-13,0,0,0,0,0.15,-710,-6.90,490,7123,0.69
MHC,2026-05-13,1700,0.85,0,0,0.55,4309,2.26,10.59,14973,0.65
MHL,2026-05-13,0,0.39,0,0,0,-886,-3.72,1.19,1533,2.15
MIE,2026-05-13,0,0,0,0,0.65,99,81.12,127.37,10268,0.78
MIG,2026-05-13,900,15.99,500,0.03,0.52,1583,11.03,9.73,12907,1.35
MKP,2026-05-13,0,0.24,500,0.02,0.78,1152,22.56,18.98,50304,0.52
MKV,2026-05-13,0,3.13,0,0,-0.13,3198,5.53,11.04,21017,0.84
MLC,2026-05-13,0,0.01,1624,0.08,0,0,0,4.74,0,0
MLS,2026-05-13,0,1.46,0,0,0.97,7449,2.56,2.01,21424,0.89
MML,2026-05-13,600,1.17,0,0,1.91,1697,18.68,431.53,15714,2.02
MIC,2026-05-13,300,0.84,0,0,0.14,-1671,-7.06,5.76,9814,1.20
MH3,2026-05-13,0,2.68,1600,0.06,0.60,1806,14.73,16.55,23769,1.12
MND,2026-05-13,0,0,750,0.07,-0.23,0,0,6.98,0,0
MGC,2026-05-13,0,0,150,0.01,1.86,0,0,25.41,0,0
MNB,2026-05-13,0,0.24,2000,0.07,0.05,7099,4.13,8.14,33981,0.86
MPC,2026-05-13,100,39.70,250,0.02,1.07,1805,9.14,5.99,13816,1.19
MPT,2026-05-13,0,0.32,0,0,-0.26,-42,-16.65,-15.81,9701,0.07
MQN,2026-05-13,0,0,0,0,0.15,0,0,4.29,0,0
MPY,2026-05-13,0,0,600,0.04,-0.06,0,0,8.91,0,0
MQB,2026-05-13,0,0,380,0.07,0,0,0,6.43,0,0
MSB,2026-05-13,703800,21.50,0,0,0.74,2061,6.50,5.23,14095,0.95
MRF,2026-05-13,0,0.02,0,0,-0.48,0,0,53.90,0,0
MSR,2026-05-13,12300,0.22,0,0,2.36,700,58.54,26.53,11564,3.55
MSN,2026-05-13,2452200,25.13,0,0,0.80,3286,23.65,16.30,30426,2.55
PHH,2026-05-13,0,0.44,0,0,0.12,1794,2.56,7666.67,14773,0.31
MSH,2026-05-13,3000,7.81,5000,0.14,0.56,6413,5.63,4.51,20377,1.77
MST,2026-05-13,44200,1.36,0,0,0.89,274,29.98,8.29,10375,0.79
MTA,2026-05-13,0,0.01,0,0,2.21,245,51.47,27.75,12848,0.98
MTB,2026-05-13,0,0,0,0,0,0,0,59.97,0,0
MTH,2026-05-13,0,13.60,1000,0.03,0.28,0,0,36.39,0,0
MTG,2026-05-13,0,0.85,500,0.06,-0.14,-15,-544.85,26.78,9593,0.85
MTP,2026-05-13,0,0.08,2000,0.14,0.10,174,80.33,5.64,12003,1.17
MTL,2026-05-13,0,0,0,0,0.73,0,0,32.97,0,0
MTS,2026-05-13,0,0,1500,0.15,-0.18,1734,5.77,6.97,12742,0.78
MTV,2026-05-13,0,0,700,0.05,0.14,746,19.18,7.60,18317,0.78
MVB,2026-05-13,0,0.07,1000,0.06,0.23,1904,8.72,2.47,20861,0.80
MVN,2026-05-13,0,0,0,0,2.28,1924,31.19,27.82,16857,3.56
MVC,2026-05-13,0,0,450,0.03,1.59,2154,6.50,11.67,14541,0.96
NAB,2026-05-13,66100,1.04,0,0,0.48,2825,4.42,3.46,14367,0.87
MWG,2026-05-13,253600,49,1000,0.01,1.19,5561,15.07,13.39,24471,3.42
NAF,2026-05-13,200,8.47,0,0,-0.06,3023,16.45,15.22,13683,3.64
NAC,2026-05-13,0,0,0,0,0,0,0,0.38,0,0
NAG,2026-05-13,0,0.62,0,0,0.74,835,10.29,7.91,12788,0.67
NAP,2026-05-13,0,0,550,0.05,0.01,1203,8.90,10.23,12048,0.89
NAS,2026-05-13,0,0.82,0,0,0.82,796,41.60,11.40,23260,1.42
NAU,2026-05-13,0,0.01,314,0.04,0.56,-196,-35.75,13.34,8095,0.86
NAV,2026-05-13,0,0.75,1300,0.08,0.08,1790,9.33,9.54,13067,1.28
NAW,2026-05-13,0,0,0,0,-0.01,550,18.17,29.33,10729,0.93
NBB,2026-05-13,800,0.41,0,0,0.43,113,158.38,179.85,18181,0.98
NBE,2026-05-13,0,0.83,1100,0.11,0.75,-867,-11.18,4.41,10096,0.96
NBC,2026-05-13,0,3.29,500,0.06,0.07,1008,8.73,8.99,14494,0.61
NBP,2026-05-13,0,1.34,0,0,0.66,802,9.47,16.74,18697,0.41
NBT,2026-05-13,0,0.50,1600,0.11,0.21,1922,7.81,9.57,15358,0.98
NBW,2026-05-13,0,5.70,1882,0.06,0.59,2610,12.56,11.16,17555,1.87
NCG,2026-05-13,0,0.01,0,0,1.13,1425,7.58,10.78,18241,0.59
NCS,2026-05-13,0,5.68,0,0,0.94,3910,10.49,11.42,14578,2.81
ND2,2026-05-13,0,35.06,2500,0.07,0.20,4340,8.30,11.52,18570,1.94
NCT,2026-05-13,4800,13.20,8000,0.09,0.28,16398,5.60,8.87,31172,2.95
NDC,2026-05-13,0,2.07,3000,0.02,0.55,0,0,10.04,0,0
NDT,2026-05-13,0,0.03,0,0,-0.13,1045,4.31,7.85,3710,1.21
NDF,2026-05-13,0,1.87,0,0,0,1124,0.80,4.02,11090,0.08
NDP,2026-05-13,0,0.03,500,0.02,-0.51,2367,9.51,8.61,26685,0.84
NDN,2026-05-13,0,1.13,500,0.05,0.85,1738,6.04,20.21,17381,0.60
NDW,2026-05-13,0,0,840,0.06,-0.01,905,16.03,14.50,12158,1.19
NDX,2026-05-13,0,0.73,0,0,0.13,526,12.73,9.46,12974,0.52
NED,2026-05-13,0,0.08,500,0.07,0.73,989,6.87,8.97,12568,0.54
NET,2026-05-13,0,0.84,6500,0.10,0.42,6488,9.94,9.03,25904,2.49
NFC,2026-05-13,0,0.36,7000,0.12,0.23,10061,5.76,5.07,24281,2.39
NGC,2026-05-13,0,13.42,0,0,0,-2131,-0.56,0.07,-2245,-0.53
NHA,2026-05-13,0,0.30,0,0,0.82,929,13.62,16.39,11694,1.08
NHC,2026-05-13,0,11.02,0,0,0.05,1883,11.95,34.22,19983,1.13
NHT,2026-05-13,0,3.01,0,0,0.18,2051,7.53,5.38,17092,0.90
NJC,2026-05-13,0,0.03,0,0,0.17,0,0,4.06,0,0
NHH,2026-05-13,0,0.32,0,0,0.58,1438,7.23,18.95,16469,0.63
NHV,2026-05-13,0,0.46,0,0,0,304,1.97,0.82,10895,0.06
NKG,2026-05-13,11400,4.62,0,0,0.79,344,40.22,15.50,17108,0.81
NLG,2026-05-13,65200,40.41,499,0.02,0.99,1642,16.33,15.84,30737,0.87
NLS,2026-05-13,0,0,1300,0.19,0.24,0,0,2.37,0,0
NNT,2026-05-13,0,0.17,6067,0.10,1.17,0,0,30,0,0
NNC,2026-05-13,2700,3.21,1000,0.02,0.19,7359,6.08,8.17,25969,1.72
NO1,2026-05-13,0,7.28,600,0.11,0.35,825,6.59,7.24,13350,0.41
NOS,2026-05-13,0,0,0,0,0.42,-10542,-0.09,-0.55,-273510,0
NRC,2026-05-13,0,1.74,0,0,0.54,482,13.27,23.71,13753,0.47
NQB,2026-05-13,0,0,380,0.04,0,809,12.49,9.26,11503,0.88
NQN,2026-05-13,0,0,287,0.02,0.28,1340,8.96,9.94,13582,0.88
NSC,2026-05-13,0,9.66,4000,0.05,0.22,13288,5.79,4.30,93530,0.82
NSH,2026-05-13,0,0.94,0,0,0.09,198,26.21,11.70,11719,0.44
NSG,2026-05-13,0,0,0,0,0,0,0,112.31,0,0
NSL,2026-05-13,0,0.48,800,0.04,-0.15,452,39.79,14.75,10632,1.69
NSS,2026-05-13,0,0,0,0,0,0,0,23.73,0,0
NST,2026-05-13,0,1.62,1050,0.09,0.08,2242,5.49,4.05,17692,0.70
NTC,2026-05-13,0,0.04,6000,0.04,0.46,13656,10.21,11.79,55178,2.53
NTH,2026-05-13,300,0.18,6500,0.11,0.26,6102,9.50,15.54,17877,3.24
NT2,2026-05-13,121600,11.26,700,0.03,0.62,3969,5.78,23.70,17505,1.31
NTP,2026-05-13,43700,15.90,2500,0.04,0.91,6397,9.64,11.73,24729,2.50
NTL,2026-05-13,0,13.39,1000,0.06,0.59,242,65.66,80.81,13318,1.19
NTT,2026-05-13,0,0,0,0,-0.04,1581,6.51,6.05,10335,1
NTF,2026-05-13,0,0,0,0,1.40,-37,-326.50,17.71,30194,0.40
NTW,2026-05-13,0,0.07,1500,0.08,-0.03,0,0,30.17,0,0
NVB,2026-05-13,0,0.64,0,0,1.03,46,236.07,297.44,7175,1.51
NUE,2026-05-13,0,0.01,784,0.08,0.12,0,0,9.43,10673,0.97
NVL,2026-05-13,957700,5.24,0,0,0.84,1505,10.83,19.64,26808,0.61
NVT,2026-05-13,0,0.07,0,0,0.32,374,20.54,13.67,6256,1.23
NVP,2026-05-13,0,0,325,0.01,0.07,0,0,34.55,0,0
NWT,2026-05-13,0,0,700,0.11,0,0,0,6.04,0,0
NXT,2026-05-13,0,0.09,0,0,1.60,0,0,4.51,0,0
OCB,2026-05-13,24500,19.68,700,0.06,0.66,1667,6.84,4.36,13106,0.87
OCH,2026-05-13,0,0.09,0,0,0.66,405,13.82,3.07,10424,0.54
ODE,2026-05-13,0,0,0,0,0.16,583,78.77,102.23,11452,4.01
OIL,2026-05-13,14000,0.42,250,0.02,1.25,885,16.15,22.54,11772,1.21
ONW,2026-05-13,0,5.34,0,0,-0.16,0,0,0.73,0,0
OGC,2026-05-13,12000,0.25,0,0,0.73,255,11.40,2.58,6469,0.45
ONE,2026-05-13,0,3.90,0,0,0.14,300,38.33,15.26,13140,0.88
OPC,2026-05-13,0,0.65,0,0,0.21,1741,13.15,8.38,15525,1.48
PAI,2026-05-13,0,0.17,800,0.06,-0.01,650,20.94,14.40,10195,1.33
PAC,2026-05-13,100,11.93,1000,0.05,0.61,1777,12.32,12.41,15006,1.46
PAN,2026-05-13,53000,22.15,500,0.02,0.42,5509,5.93,3.97,46118,0.71
ORS,2026-05-13,133500,0.19,0,0,0.79,418,32.17,24.47,12296,1.09
PAS,2026-05-13,0,1.77,0,0,1.73,587,4.43,10.70,15936,0.16
PAP,2026-05-13,0,0,0,0,1.25,-2176,-11.95,-86.97,15213,1.71
PAT,2026-05-13,0,0.29,10000,0.15,0.51,12373,5.30,5.47,25300,2.59
PBC,2026-05-13,0,0,0,0,0.88,298,19.44,13.54,11176,0.52
PBP,2026-05-13,2000,0.66,850,0.07,0.10,1615,7.68,5.30,14935,0.83
PBT,2026-05-13,0,0,709,0.05,0.34,1191,12.17,14,11223,1.29
PC1,2026-05-13,2199700,13.59,0,0,0.76,2895,6.25,7.05,21612,0.84
PCE,2026-05-13,0,0.42,2500,0.13,0.06,2937,6.74,9.46,20043,0.99
PCC,2026-05-13,0,0,1500,0.04,0.42,0,0,14.85,0,0
PCF,2026-05-13,0,0.58,0,0,0.86,-10,-343.39,85.34,7074,0.47
PCG,2026-05-13,0,44.73,0,0,0,-669,-3.44,25.74,7701,0.30
PCM,2026-05-13,0,0,0,0,0.01,42,301.06,6.67,16053,0.78
PCH,2026-05-13,0,0,0,0,0.12,841,26.39,34.19,11205,1.98
PDB,2026-05-13,0,0.84,5500,0.28,0.61,6594,2.94,4.32,20496,0.95
PDR,2026-05-13,600,6.15,0,0,0.87,626,26.38,18.97,12584,1.31
PDC,2026-05-13,0,0.08,0,0,0.22,340,14.42,19.65,9699,0.51
PCT,2026-05-13,0,0,0,0,0.18,1208,8.69,8.21,14627,0.72
PDN,2026-05-13,0,0.22,4500,0.04,0.47,8938,11.89,12.95,26714,3.98
PDV,2026-05-13,0,0.04,500,0.05,0.41,1366,6.73,8.28,13366,0.69
PEG,2026-05-13,0,0,0,0,0.30,97,43.23,156.72,2657,1.58
PEQ,2026-05-13,0,0,4500,0.09,0.65,485,103.93,10.88,20879,2.41
PEN,2026-05-13,0,0.02,0,0,0.06,-86,-123.21,24.99,11071,0.96
PFL,2026-05-13,0,0.19,0,0,0.79,111,18.98,161.54,4593,0.46
PET,2026-05-13,0,0.79,500,0.01,1.02,2751,17.37,16.11,25371,1.88
PGB,2026-05-13,0,0,0,0,1.28,1474,7.74,5.40,11857,0.96
PGC,2026-05-13,200,2,1100,0.08,0.34,1848,7.33,6.81,15108,0.90
PGN,2026-05-13,0,2.01,0,0,-0.10,180,41.65,5.92,11596,0.65
PGS,2026-05-13,0,0.74,4000,0.08,0.08,2325,21.51,19.44,20954,2.39
PGI,2026-05-13,0,20.42,200,0.01,0.04,2267,8.47,6.56,18308,1.05
PGT,2026-05-13,1500,49,0,0,-0.06,276,25.01,1.31,5588,1.23
PGD,2026-05-13,200,46.42,1500,0.06,0.21,2357,10.06,11.34,15500,1.53
PGV,2026-05-13,800,0.02,0,0,0.42,3854,6.12,51.84,16593,1.42
PHC,2026-05-13,0,0.11,0,0,0.48,476,10.43,6.30,13562,0.37
PHN,2026-05-13,0,49.04,4000,0.07,-0.07,4703,11.72,10.52,23190,2.38
PHP,2026-05-13,0,0.12,600,0.02,1.80,2882,12.35,8.60,21924,1.62
PHR,2026-05-13,147800,13.99,1350,0.02,0.70,5140,12.61,35.81,33364,1.94
PHS,2026-05-13,0,85.89,100,0.01,-0.05,410,23.44,13.68,10719,0.90
PIC,2026-05-13,0,0.01,800,0.05,0.34,1059,14.83,20.40,11740,1.34
PIA,2026-05-13,0,11.65,1800,0.07,0.15,3094,7.95,5.64,15789,1.56
PID,2026-05-13,0,0,0,0,0,-715,-3.91,38.89,-2657,-1.05
PIS,2026-05-13,0,0,1000,0.08,0.05,935,12.84,5.19,16755,0.72
PIT,2026-05-13,0,0.51,0,0,0.47,24,338.58,49.89,7705,1.03
PIV,2026-05-13,0,0.30,0,0,1.33,429,17.48,541.52,500,15
PJS,2026-05-13,0,7.09,850,0.04,-0.58,166,126.87,8.68,12293,1.71
PJT,2026-05-13,0,0.65,600,0.07,-0.17,1028,8.67,10.66,13498,0.66
PJC,2026-05-13,0,0.43,3800,0.13,0.54,6036,4.94,6.16,24253,1.23
PLA,2026-05-13,0,0,0,0,0.14,-182,-33.55,49.59,9612,0.63
PLE,2026-05-13,0,0,950,0.02,0,100,623.50,27.12,16618,3.76
PLX,2026-05-13,1479800,14.43,1200,0.03,0.75,1351,27.97,14.47,22733,1.66
PLO,2026-05-13,0,0,0,0,0.87,0,0,4.96,0,0
PLP,2026-05-13,0,0.34,0,0,0.35,223,19.30,15.48,11577,0.37
PMB,2026-05-13,0,0.71,700,0.06,0.50,2145,5.36,13.94,13614,0.84
PLC,2026-05-13,25100,0.22,500,0.02,1.43,-99,-216,12.29,15426,1.38
PMG,2026-05-13,0,20.03,0,0,0.44,539,12.58,9.82,15225,0.45
PMJ,2026-05-13,0,0.17,1050,0.06,0.18,392,43.07,11.75,24045,0.70
PMC,2026-05-13,0,3.12,6268,0.05,0.38,8843,14.36,14.82,27366,4.64
PMP,2026-05-13,0,1.14,1000,0.08,-0.11,2040,5.98,5.02,17939,0.68
PMW,2026-05-13,0,0,2000,0.06,-0.03,2028,16.76,16.73,11828,2.87
PNC,2026-05-13,0,0.46,500,0.02,-0.09,171,169.40,106.72,17223,1.68
PMS,2026-05-13,0,1.86,6900,0.20,0.28,4446,7.92,7.95,26396,1.33
PND,2026-05-13,0,0.21,0,0,0.10,542,11.99,3.61,11750,0.55
PMT,2026-05-13,0,0.10,0,0,-0.03,85,78.68,8.11,16080,0.42
PNG,2026-05-13,0,0,1000,0.03,0.13,890,32.59,10.86,19028,1.52
PNJ,2026-05-13,167100,48.23,2400,0.03,0.91,10677,6.51,6.96,42214,1.65
PNT,2026-05-13,0,0.11,500,0.07,0.18,0,0,8.59,0,0
POB,2026-05-13,0,0,0,0,0,0,0,158.21,0,0
POM,2026-05-13,0,3.86,0,0,-0.08,-3007,-1.26,3.54,-2239,-1.70
PNP,2026-05-13,0,0,1600,0.08,0.19,2792,7.06,7.41,15319,1.29
POW,2026-05-13,1085800,4.42,0,0,0.70,1247,11.27,38.35,13461,1.04
POS,2026-05-13,0,0.28,0,0,1.40,2449,6.13,4.76,19729,0.76
POV,2026-05-13,0,0.01,300,0.04,-0.94,1667,4.50,6.94,15919,0.47
POT,2026-05-13,0,0.07,135,0.01,0.31,1072,19.60,37.70,15777,1.33
PPC,2026-05-13,0,4.53,500,0.05,0.32,665,14.61,8.02,14229,0.68
PPE,2026-05-13,0,0.14,0,0,0.02,1211,9.49,20.70,9903,1.16
PPH,2026-05-13,0,0.02,2000,0.07,0.63,6304,4.35,5.85,29970,0.91
PPP,2026-05-13,0,8.38,1500,0.08,0.23,2823,6.62,10.97,16872,1.11
PPI,2026-05-13,0,0.50,0,0,0,-64,-6.28,106.38,-2986,-0.13
PPS,2026-05-13,0,28.72,980,0.10,0.27,1084,9.22,10.10,12380,0.81
PPT,2026-05-13,0,0,0,0,0.13,620,24.85,28.68,10514,1.46
PPY,2026-05-13,0,0.76,700,0.08,0.26,970,8.77,6.11,16934,0.50
PQN,2026-05-13,0,0,0,0,0,1261,3.17,3,7214,0.55
PRE,2026-05-13,0,1.15,1700,0.07,0.30,2545,9.98,10.86,16738,1.52
PRC,2026-05-13,0,0.43,0,0,0.88,471,23.56,18.35,11806,0.94
PRO,2026-05-13,0,0,0,0,-0.59,-234,-50.85,17.85,13029,0.91
PRT,2026-05-13,0,0,300,0.03,0.36,400,24.26,21.83,13442,0.72
PSB,2026-05-13,0,0.01,0,0,1.59,51,106.07,243.24,11246,0.48
PSD,2026-05-13,0,0.07,0,0,1.13,3376,5.21,6.33,14874,1.18
PSC,2026-05-13,0,0.16,700,0.06,0.17,1025,10.92,6.50,17132,0.65
PSH,2026-05-13,0,0,0,0,0,-4863,-0.35,0.65,135,12.59
PSE,2026-05-13,0,0.09,1000,0.09,0.17,1318,8.42,7.33,14278,0.78
PSI,2026-05-13,4700,2.35,0,0,0.91,1039,8.28,10.17,12986,0.66
PSL,2026-05-13,0,0.10,250,0.03,1.78,0,0,64.17,0,0
PSP,2026-05-13,0,0,300,0.02,0.42,283,65.09,51.47,11463,1.61
PSN,2026-05-13,0,0,400,0.05,0.02,1037,7.91,7.29,14034,0.58
PSW,2026-05-13,0,0.20,500,0.06,0.18,1328,5.95,8.84,12511,0.63
PTC,2026-05-13,4000,0.45,0,0,0.64,1540,4.53,11.35,13401,0.52
PTB,2026-05-13,12400,16.14,2000,0.04,0.81,8041,6.39,5.43,45509,1.13
PTG,2026-05-13,0,0,5000,4.17,0,0,0,0.13,31496,0.04
PTD,2026-05-13,0,1.80,0,0,0.40,169,36.12,30.50,8217,0.74
PTE,2026-05-13,0,0,0,0,0.25,-2974,-1.95,-2.03,-30390,-0.19
PTI,2026-05-13,0,37.45,0,0,0,2403,11.65,13.19,22614,1.24
PTH,2026-05-13,0,0,900,0.09,0,2082,4.80,6.15,18441,0.54
PTL,2026-05-13,0,0.05,0,0,0.61,49,53.21,1.25,5035,0.52
PTO,2026-05-13,0,0,500,0.02,0.11,-411,-53.35,16.46,10861,2.02
PTP,2026-05-13,0,0.08,900,0.08,0.15,0,0,7.61,0,0
PTT,2026-05-13,0,0,0,0,-0.45,809,13.10,9.93,14217,0.75
PTV,2026-05-13,0,0.01,0,0,-0.40,-100,-52.98,14.13,11165,0.47
PTS,2026-05-13,0,7.67,500,0.05,0.22,1783,5.21,3.51,19623,0.47
PTX,2026-05-13,0,0,2400,0.11,-0.16,3446,6.53,7.44,17828,1.26
PV2,2026-05-13,0,0.23,0,0,0.41,-84,-26.28,51.49,6182,0.36
PVB,2026-05-13,0,1.37,0,0,0.93,3512,7.69,14.58,21020,1.28
PVC,2026-05-13,0,0.17,0,0,1.13,329,44.06,36.56,13242,1.10
PVG,2026-05-13,0,6.83,0,0,0.88,396,15.92,13.77,12746,0.49
PVD,2026-05-13,1407500,10.18,500,0.02,0.59,2131,14.95,22.15,31386,1.01
PVH,2026-05-13,0,0,0,0,2.30,-417,-1.68,0.02,2145,0.33
PVE,2026-05-13,0,0.72,0,0,-0.05,163,16.53,17.76,-4397,-0.61
PVI,2026-05-13,11700,56.80,3150,0.04,1.03,5746,13.89,15.04,38720,2.06
PVL,2026-05-13,0,0.38,0,0,-0.18,21,122.24,65,2919,0.89
PVO,2026-05-13,0,0.02,100,0.02,0.08,103,62.32,33.51,11637,0.55
PVM,2026-05-13,0,0.01,600,0.03,-0.53,850,23.17,12.64,18272,1.08
PVP,2026-05-13,340900,1.89,1000,0.05,0.49,2264,8.04,8.74,19352,0.94
PVR,2026-05-13,0,0.10,0,0,-0.82,-28,-39.34,-10.91,8799,0.13
PVS,2026-05-13,264400,16.36,0,0,1,3919,10.21,20.66,32608,1.23
PVT,2026-05-13,1824400,13.80,0,0,0.63,2626,8.61,8.85,25275,0.89
PVY,2026-05-13,0,0.55,0,0,-0.18,51,37.29,471.46,-8287,-0.23
PVX,2026-05-13,0,0.13,0,0,-0.06,-17,-99.18,24.02,1178,1.44
PVV,2026-05-13,0,0.10,0,0,0.02,3618,0.44,95.98,-1056,-1.52
PWA,2026-05-13,0,0.01,0,0,0.95,0,0,450.38,0,0
PWS,2026-05-13,0,0.04,1580,0.14,-0.01,740,15.13,24.55,11391,0.98
PXA,2026-05-13,0,0,0,0,0.52,2,509.55,3,2036,0.39
PXL,2026-05-13,0,0.70,0,0,1.48,7,1886.27,1240.88,10007,1.36
PXI,2026-05-13,0,0.17,0,0,0.34,3,257.23,53.33,4540,0.18
PXM,2026-05-13,0,0.17,0,0,0.16,-1299,-0.39,0.07,-33990,-0.01
PXS,2026-05-13,0,10.53,0,0,0.23,242,11.17,13.28,1583,1.71
PXT,2026-05-13,0,2.94,0,0,0.61,84,19.07,16,2891,0.55
QCC,2026-05-13,0,0.77,500,0.02,-0.25,0,0,29.16,14380,1.55
QBS,2026-05-13,0,0,0,0,-0.59,-1131,-0.44,108.23,3246,0.15
QHD,2026-05-13,0,0.12,1700,0.03,0.01,4392,12.29,19.89,20413,2.65
QHW,2026-05-13,0,0.28,1200,0.03,0.06,0,0,7.49,0,0
QNC,2026-05-13,0,15.44,0,0,-0.46,605,8.76,9814.81,12113,0.44
QNP,2026-05-13,0,0,1400,0.04,0.01,3932,8.60,7,24148,1.40
QCG,2026-05-13,0,1.86,0,0,0.07,647,20.94,12.43,17302,0.78
QNS,2026-05-13,28300,9.33,4000,0.08,0.44,5231,9.29,11.82,29172,1.67
QNT,2026-05-13,0,0,0,0,-0.18,0,0,16.11,0,0
QNW,2026-05-13,0,0.01,1000,0.06,-0.20,2099,7.39,9,13982,1.11
QNU,2026-05-13,0,0,837,0.09,0,0,0,18.29,0,0
QPH,2026-05-13,0,0.04,14000,0.41,0.17,4326,7.95,10.86,16365,2.10
QST,2026-05-13,0,0,2000,0.05,-0.05,4859,7.55,13.21,19486,1.88
QSP,2026-05-13,0,1.25,4000,0.16,-0.10,0,0,9.82,0,0
RAL,2026-05-13,0,1.46,5000,0.06,0.20,16003,5.34,5.10,149284,0.57
QTP,2026-05-13,0,0.91,1200,0.10,0.71,2391,5.06,11.84,12615,0.96
QTC,2026-05-13,0,0.91,600,0.02,0.02,1509,23.20,41.09,15610,2.24
RAT,2026-05-13,0,0.79,600,0.03,-0.07,0,0,8.24,0,0
RBC,2026-05-13,0,0,0,0,0.26,0,0,25.44,0,0
RCC,2026-05-13,0,0.05,0,0,1.20,-148,-119.55,28.38,11894,1.49
REE,2026-05-13,500,49,1000,0.02,0.42,5058,12.10,11.78,46045,1.33
RDP,2026-05-13,0,0.36,0,0,0,-938,-1.39,2.81,5692,0.23
RCL,2026-05-13,0,0.24,0,0,0.15,594,19.70,15.04,20773,0.56
RCD,2026-05-13,0,0.13,0,0,0.09,0,0,43.41,0,0
RIC,2026-05-13,0,27.87,0,0,0.24,741,12.28,910000,20714,0.44
RTB,2026-05-13,0,0,2000,0.07,0.58,6093,4.81,7.59,37317,0.79
S12,2026-05-13,0,14.06,0,0,0.20,-363,-4.96,180,-23355,-0.08
S55,2026-05-13,0,0.23,2500,0.04,0.10,13028,5.14,4.98,108943,0.62
S4A,2026-05-13,0,0.10,3900,0.11,-0.01,4141,8.24,14.47,15316,2.23
S72,2026-05-13,0,0.03,0,0,0.18,640,11.10,13.47,10395,0.68
S74,2026-05-13,0,1,0,0,0,-55,-295.88,211.25,17932,0.91
SAB,2026-05-13,52900,58.50,8000,0.17,0.70,3754,12.52,12.21,18868,2.49
S99,2026-05-13,0,0.24,0,0,0.56,1054,9.39,3.05,18889,0.52
SAC,2026-05-13,0,0.03,880,0.07,0.68,536,23.12,7.17,16496,0.75
SAF,2026-05-13,0,1.52,3000,0.06,0.35,4040,13.24,10.40,15983,3.35
SAL,2026-05-13,0,0,440,0.19,0.68,0,0,3.64,0,0
SAS,2026-05-13,0,0.28,2809,0.08,1.11,5529,6.40,33.51,15241,2.32
SAV,2026-05-13,200,49.72,1000,0.07,0.51,567,26.47,8.26,14318,1.05
SAM,2026-05-13,400,0.48,0,0,0.70,256,25.97,17.95,12517,0.53
SB1,2026-05-13,0,0.10,700,0.09,0.16,881,8.51,9.96,15798,0.47
SBA,2026-05-13,0,0.26,1500,0.05,0.11,2756,10.23,17.59,17936,1.57
SBH,2026-05-13,0,0,1500,0.04,0.50,4550,9.17,13.46,16602,2.51
SBG,2026-05-13,1100,0.73,0,0,0.12,620,19.28,9.80,12404,0.96
SBD,2026-05-13,0,0.95,0,0,-0.04,516,15.51,17.13,11355,0.70
SBB,2026-05-13,0,0.03,0,0,0.26,3617,5.11,7.90,15982,1.16
SBL,2026-05-13,0,0.03,500,0.09,-0.23,-28,-199.42,5392.16,14693,0.37
SBM,2026-05-13,0,0,4000,0.12,0.01,3321,10.42,11.09,12588,2.75
SBR,2026-05-13,0,0,158,0.02,-0.01,302,27.18,16.28,10106,0.81
SBS,2026-05-13,300,0.88,0,0,1.77,-140,-35.64,91.63,1550,3.23
SBV,2026-05-13,0,14.42,0,0,0.25,450,15.23,3.12,15397,0.44
SBT,2026-05-13,10200,19.72,0,0,0.28,952,21.21,18.62,14840,1.36
SC5,2026-05-13,2100,1.98,0,0,0.17,2801,5.71,7.49,28614,0.56
SCD,2026-05-13,0,5.91,0,0,-0.27,-8239,-1.46,29.39,-19891,-0.60
SCC,2026-05-13,0,0.47,0,0,0.11,-553,-3.98,8.96,15287,0.14
SCJ,2026-05-13,0,0.12,0,0,0.42,287,10.09,13.35,12205,0.24
SCG,2026-05-13,900,0,0,0,0.12,4092,16.91,6.19,20275,3.41
SCI,2026-05-13,0,0.35,0,0,0.40,717,17.15,13.39,16352,0.75
SCS,2026-05-13,7600,10.62,5500,0.11,0.49,7389,7.05,5.54,16996,3.07
SCL,2026-05-13,0,0.01,0,0,0.79,2996,7.31,11.56,13921,1.57
SCR,2026-05-13,400,0.38,0,0,0.88,204,27.85,24.46,12466,0.46
SCO,2026-05-13,0,0,0,0,0.28,0,0,6.30,-22272,-0.24
SD2,2026-05-13,0,5.98,0,0,0.32,724,7.46,30.74,5917,0.91
SD5,2026-05-13,0,1.13,800,0.11,0.47,916,7.97,8.90,18828,0.39
SD4,2026-05-13,0,0.38,0,0,0.05,-113,-15.96,12.36,-1204,-1.50
SD3,2026-05-13,0,0.04,0,0,1.63,2031,4.19,2.67,4169,2.04
SD6,2026-05-13,0,0.29,0,0,0.62,-773,-2.59,5.90,3273,0.61
SD8,2026-05-13,0,10.98,0,0,0,-591,-2.54,0.28,-10570,-0.14
SD9,2026-05-13,0,1.15,550,0.05,0.28,955,11.51,10.77,25248,0.44
SDA,2026-05-13,0,0.04,0,0,-0.05,295,5.09,19.65,3498,0.43
SD7,2026-05-13,0,0.41,0,0,0,40,73.10,-25.35,11317,0.26
SDD,2026-05-13,0,0.26,0,0,0.14,-663,-1.96,-1.97,4793,0.27
SDC,2026-05-13,0,2.98,500,0.07,-0.08,905,7.62,7.44,20366,0.34
SDK,2026-05-13,0,1.01,0,0,-0.24,2172,7.14,8.06,20185,0.77
SDP,2026-05-13,0,0.01,0,0,0.53,-550,-1.27,-0.20,-4973,-0.14
SDG,2026-05-13,0,0.03,1000,0.10,-0.14,-4482,-2.23,5.68,21488,0.47
SDT,2026-05-13,0,0.63,0,0,1.08,1540,2.79,7.43,20206,0.21
SDN,2026-05-13,0,22.12,1300,0.07,0.18,2956,6.33,9.59,23532,0.79
SDU,2026-05-13,0,0.11,0,0,0.47,1444,5.75,2.77,19523,0.43
SDV,2026-05-13,0,0.13,3000,0.09,0.18,2103,15.31,8.30,26616,1.21
SDY,2026-05-13,0,0.40,0,0,0.32,590,1.36,-65.47,-2681,-0.30
SEB,2026-05-13,0,0.09,3000,0.07,0.01,4342,9.90,11.67,21636,1.99
SEA,2026-05-13,0,0,550,0.01,0.73,1682,26.69,70.31,20901,2.15
SFC,2026-05-13,0,0.56,1700,0.09,-0.37,1562,11.53,7.71,15647,1.15
SFN,2026-05-13,0,0.84,500,0.03,0.08,3673,4.17,11.15,29784,0.51
SFG,2026-05-13,0,0.14,500,0.05,0.24,711,15.46,12.54,13956,0.79
SEP,2026-05-13,0,0,510,0.03,0.06,338,50.90,28.90,11289,1.52
SGB,2026-05-13,0,0.01,0,0,0.47,330,36.64,14.08,11827,1.02
SGC,2026-05-13,0,1.76,1000,0.01,0.25,18728,5.82,5.99,73547,1.48
SED,2026-05-13,0,5.40,2000,0.11,0.32,3640,4.92,4.81,35351,0.51
SGH,2026-05-13,0,0.39,700,0.03,0.16,1361,17.78,21.96,12131,1.99
SFI,2026-05-13,0,1.50,3000,0.11,0.07,3862,7.25,7.94,32496,0.86
SGI,2026-05-13,0,0,500,0.05,0.73,-1121,-9.37,9.29,36713,0.29
SGD,2026-05-13,0,0.43,0,0,0,268,73.54,13.58,14389,1.37
SGN,2026-05-13,0,27.57,2500,0.05,0.35,6007,8.91,11.30,46530,1.15
SGP,2026-05-13,0,0.59,0,0,1.57,1833,13.04,21727.27,15544,1.54
SGS,2026-05-13,0,0.09,9250,0.71,0.23,501,26.16,9.86,12457,1.05
SGR,2026-05-13,0,0.32,0,0,0.62,1170,12.77,1.90,20585,0.73
SGT,2026-05-13,0,5.48,0,0,0.26,160,95.42,4.51,16323,0.93
SHA,2026-05-13,0,0.86,0,0,0.14,506,7.71,6.85,12726,0.31
SHB,2026-05-13,34400,2.98,500,0.04,0.60,2809,4.98,3.36,15613,0.90
SHC,2026-05-13,0,1,500,0.05,-0.23,230,45.74,4.32,17591,0.60
SHG,2026-05-13,0,0,0,0,-0.27,-2924,-0.68,-0.88,-40950,-0.05
SHE,2026-05-13,0,0.23,0,0,0.13,1119,5.72,8.67,10057,0.64
SHN,2026-05-13,1500,0.02,0,0,0.40,-1,-7400,50.48,12401,0.30
SHI,2026-05-13,19500,0.42,0,0,0.21,270,54.72,28.87,12933,1.14
SID,2026-05-13,0,0.09,300,0.02,0.71,1132,13.08,20.25,24619,0.60
SHS,2026-05-13,41500,9.57,0,0,1.58,1483,12,9.32,14159,1.26
SHP,2026-05-13,0,0.12,2000,0.06,0.05,3188,10.68,12.24,12899,2.64
SIG,2026-05-13,0,0,0,0,0.26,0,0,6.40,0,0
SIP,2026-05-13,5200,2.43,5700,0.10,0.68,5899,9.97,16.29,25506,2.31
SIV,2026-05-13,0,6.18,4500,0.11,0.35,0,0,5.53,0,0
TCW,2026-05-13,0,4.96,2300,0.07,0.51,6125,5.26,5.90,21830,1.48
SJ1,2026-05-13,0,0.04,650,0.06,-0.34,864,13.42,8.40,14511,0.80
SJE,2026-05-13,0,0.27,0,0,0.74,4855,2.88,3.14,36736,0.38
SII,2026-05-13,0,38,0,0,0.27,773,20.69,-83.16,22855,0.70
SJD,2026-05-13,0,6.89,1650,0.12,0.11,2468,5.65,6.93,15704,0.89
SJF,2026-05-13,0,0.33,0,0,0,-295,-5.76,13.46,6057,0.28
SJG,2026-05-13,0,0,1000,0.05,1.51,2811,7.47,13.13,23282,0.90
SJM,2026-05-13,0,0,0,0,0.85,-10,-649.47,6.80,2551,2.67
SKG,2026-05-13,0,41.15,500,0.05,0.46,860,10.93,13.02,13895,0.68
SKN,2026-05-13,0,0,581,0.07,0.13,0,0,9.13,0,0
SJS,2026-05-13,200,0.57,0,0,0.54,1791,31.72,14.14,12157,4.67
SKH,2026-05-13,0,0.05,1159,0.05,-0.16,2013,12.27,11.99,13185,1.87
SLS,2026-05-13,0,1.62,15000,0.10,0.23,29289,5.10,13.34,179901,0.83
SMA,2026-05-13,0,0.05,500,0.05,0.09,748,12.53,9.63,11606,0.81
SMB,2026-05-13,400,13.40,5000,0.13,0.19,5996,6.66,7.32,22071,1.81
SKV,2026-05-13,0,0.03,1830,0.07,0.17,2972,8.75,8.42,18113,1.44
SMN,2026-05-13,0,0,500,0.05,0.18,215,42.37,2.67,16539,0.55
SMC,2026-05-13,80300,20.32,0,0,0.72,3015,3.90,28.86,13920,0.84
SNC,2026-05-13,0,0.06,1200,0.05,0,2909,8.94,8.67,17924,1.45
SMT,2026-05-13,0,0.03,500,0.05,-0.33,5913,1.62,1.80,15846,0.61
SNZ,2026-05-13,0,0,1300,0.04,1.03,3162,9.43,8.40,32584,0.91
SP2,2026-05-13,0,0.19,0,0,0.24,3054,8.02,11.46,8333,2.94
SPC,2026-05-13,0,9.06,0,0,-0.03,2976,3.80,8.85,13500,0.84
SPD,2026-05-13,0,0.03,0,0,0,626,13.57,9.71,11862,0.72
SPB,2026-05-13,0,0.01,0,0,0.30,1353,11.09,6.65,19740,0.76
SPI,2026-05-13,0,0.87,0,0,0,-332,-5.42,60.52,7298,0.25
SPM,2026-05-13,100,2.04,500,0.06,0.18,681,13.26,11.49,57980,0.16
SPH,2026-05-13,0,0.01,0,0,0.23,0,0,45.30,0,0
SPV,2026-05-13,0,1.94,1500,0.07,-1.39,0,0,7.42,0,0
SRA,2026-05-13,0,0.38,0,0,0.28,32,55.80,2.59,15282,0.12
SRC,2026-05-13,0,0.07,600,0.01,-0.14,1117,47.46,18.83,20553,2.58
SSB,2026-05-13,33600,0.13,0,0,0.26,1125,14.71,6.66,14581,1.14
SRB,2026-05-13,0,0.81,0,0,0.20,-284,-5.99,72.25,7805,0.22
SRF,2026-05-13,0,45.56,0,0,0.13,278,26.28,6.66,13180,0.55
SSC,2026-05-13,0,0.80,3000,0.10,0.13,860,33.24,11.91,27587,1.04
SSF,2026-05-13,0,0,0,0,0.30,0,0,599.40,0,0
SSI,2026-05-13,478100,32.24,1000,0.04,1.05,2177,12.88,11.98,15924,1.76
SSH,2026-05-13,0,0,0,0,0.55,-410,-165.81,5.66,17044,3.98
SSG,2026-05-13,0,0.05,0,0,1.73,110,73.41,32.07,11219,0.72
SSM,2026-05-13,0,0.68,0,0,-0.11,-1930,-2.69,5.82,10782,0.48
SSN,2026-05-13,0,0.05,0,0,0,-4,-270.88,23.76,11411,0.11
ST8,2026-05-13,0,0.75,0,0,0.38,76,41.92,3.27,11205,0.28
STC,2026-05-13,0,2.18,1400,0.10,0.31,1118,12.88,6.32,22772,0.63
STG,2026-05-13,0,30.04,0,0,-0.03,3215,10.99,9.08,28194,1.25
STH,2026-05-13,0,0,0,0,0.39,3593,6.01,10.53,22316,0.97
STB,2026-05-13,414600,12.33,0,0,0.65,2454,31.29,17.87,32610,2.36
STK,2026-05-13,200,17.68,0,0,0.15,-180,-73.20,14.39,12296,1.07
STL,2026-05-13,0,31.86,0,0,0,-973,-1.03,1.29,-157613,-0.01
STT,2026-05-13,0,9.61,0,0,0.57,-1502,-0.60,56.60,183,4.93
STS,2026-05-13,0,0,0,0,0,1307,55.47,16.72,15367,4.72
STW,2026-05-13,0,0,1107,0.04,0.01,1588,18.90,15.86,15132,1.98
STP,2026-05-13,100,0.81,800,0.11,0.26,1149,6.53,7.54,17407,0.43
SVC,2026-05-13,0,1.42,0,0,0.35,6100,2.75,9.86,32441,0.52
SVD,2026-05-13,0,0.15,0,0,0.03,78,45.94,82.36,9467,0.38
SVH,2026-05-13,0,0,0,0,0,3571,1.68,1.91,19736,0.30
SVN,2026-05-13,0,0.07,0,0,0.82,60,35.02,44.10,10759,0.20
SVT,2026-05-13,0,0.24,1500,0.14,0.14,1289,8.34,6.65,13656,0.79
SVG,2026-05-13,0,0,0,0,0.34,-150,-37.22,410.86,10218,0.55
SWC,2026-05-13,0,0.03,3500,0.14,0.65,4776,5.13,5.52,30405,0.81
SZB,2026-05-13,0,6.86,3000,0.07,0.29,7011,6.12,8.37,27387,1.57
SZG,2026-05-13,0,0,1500,0.04,0.43,4531,8.34,10.55,20474,1.85
SZL,2026-05-13,0,16.25,3000,0.06,0.33,5364,9.97,10.52,26223,2.04
SZE,2026-05-13,0,0.03,800,0.10,0.26,318,25.14,24.72,11663,0.69
SZC,2026-05-13,17700,3.73,1000,0.04,0.91,1311,19.72,82.96,17890,1.44
TA6,2026-05-13,0,0.08,267,0.05,-0.38,486,11.73,5.75,11779,0.48
TAL,2026-05-13,900,10.13,1500,0.03,0.71,2348,18.31,6.16,18530,2.32
TAB,2026-05-13,0,0,0,0,0.28,0,0,28.17,0,0
TA9,2026-05-13,0,0.03,1416,0.12,0.23,2100,5.48,4.83,13592,0.85
TAN,2026-05-13,0,0,0,0,0.01,0,0,10.98,0,0
TAR,2026-05-13,0,0.02,0,0,0.26,97,35.13,22.19,14931,0.23
TAW,2026-05-13,0,0,1600,0.12,0.19,309,42.41,8.19,11978,1.09
TBD,2026-05-13,0,4.54,2000,0.02,0.30,6630,19.31,19.71,23730,5.39
TBC,2026-05-13,0,0.77,2500,0.08,0.14,3691,8.86,9.38,21999,1.49
TBW,2026-05-13,0,0,1200,0.10,0,0,0,3.10,0,0
TBR,2026-05-13,0,0,350,0.05,-1.10,0,0,12.21,0,0
TCB,2026-05-13,76300,22.54,1000,0.03,1.06,3675,9.20,6.39,26344,1.28
TCD,2026-05-13,0,0.53,0,0,0,229,8.26,3.42,11520,0.16
TCI,2026-05-13,6500,5.13,0,0,0.72,-19,-577.72,12.89,11793,0.95
TCJ,2026-05-13,0,0,0,0,0.05,0,0,84.71,0,0
TCH,2026-05-13,0,13.26,0,0,1.02,70,239.97,9.01,15747,1.07
TCK,2026-05-13,0,0,0,0,0,296,10.15,5.83,-970,-3.09
TCL,2026-05-13,0,5.46,2500,0.07,0.30,5304,6.53,7.01,24419,1.42
TCR,2026-05-13,0,46.20,0,0,0.47,866,2.84,2.23,33414,0.07
TCT,2026-05-13,0,10.16,500,0.03,0.26,1783,10.65,8.68,28433,0.67
TCM,2026-05-13,2400,48.32,500,0.02,0.52,2347,9.67,8.69,21930,1.04
TDB,2026-05-13,0,0.10,4000,0.10,0.19,2730,14.58,10.22,71508,0.56
TCO,2026-05-13,38000,1.92,0,0,0.35,428,35.26,9.10,12322,1.23
TDC,2026-05-13,0,0.57,0,0,0.12,2171,5.07,4.82,13576,0.81
TDF,2026-05-13,0,0,0,0,-0.16,869,10.47,13.75,25691,0.35
TDG,2026-05-13,0,0.01,0,0,0.34,182,14.42,6.61,10720,0.24
TDM,2026-05-13,0,0.76,1300,0.02,0.05,1702,33.49,28.02,24215,2.35
TDH,2026-05-13,200,0.79,0,0,0.51,991,4.04,11.71,1667,2.40
TDS,2026-05-13,0,0.34,0,0,0.71,724,11.33,25.06,18325,0.45
TDT,2026-05-13,0,0.04,500,0.07,0.06,893,8.51,9.06,12070,0.63
TDP,2026-05-13,0,0.34,0,0,-0.01,1310,22.14,28.31,13136,2.21
TED,2026-05-13,0,35.25,2000,0.03,1.38,9017,6.65,9.21,37489,1.60
TDW,2026-05-13,0,0.89,2517,0.05,-0.27,6956,7.04,6.79,32063,1.53
TGG,2026-05-13,0,0.07,0,0,0,-277,-8.30,17.94,6069,0.38
TFC,2026-05-13,0,33.86,2000,0.04,0.19,8894,5.36,5.54,31963,1.49
TEG,2026-05-13,0,5.17,0,0,0.44,155,41.81,13.35,12459,0.52
TET,2026-05-13,0,0.01,900,0.03,0.37,1800,17.77,36.50,21139,1.51
THB,2026-05-13,0,5.94,250,0.03,0.03,400,23.73,26.70,12369,0.77
THG,2026-05-13,0,4.26,2000,0.05,0.39,5448,7.99,8.47,25491,1.71
TH1,2026-05-13,0,0.04,0,0,0.11,1361,4.78,6.29,1859,3.50
TGP,2026-05-13,0,0,0,0,-0.36,107,52.10,18.34,12132,0.46
THM,2026-05-13,0,0,0,0,-0.21,264,31.09,11.07,10414,0.79
THD,2026-05-13,0,0.15,0,0,0.11,274,139.67,161.62,11543,3.31
THS,2026-05-13,0,0.05,800,0.09,0.04,194,46.96,11.38,14030,0.65
THT,2026-05-13,0,1.70,300,0.03,0.08,4147,2.10,4.95,14973,0.58
THN,2026-05-13,0,0,1318,0.35,0,1934,1.96,2.04,13588,0.28
THU,2026-05-13,0,0,616,0.06,-0.03,0,0,11.07,0,0
THP,2026-05-13,0,0,300,0.03,0.33,1843,4.88,38.90,17560,0.51
THW,2026-05-13,0,2.42,600,0.04,0.12,41,419.24,8.35,10257,1.66
TID,2026-05-13,0,0,1100,0.05,0.10,2340,9.02,6.28,24438,0.86
TIN,2026-05-13,0,0.64,0,0,2.56,15995,7.87,9.57,26984,4.67
TIG,2026-05-13,2900,10.53,0,0,0.99,215,29.81,4.96,11249,0.57
TIE,2026-05-13,0,0.87,0,0,-0.07,-3426,-1.11,7.27,21486,0.18
TIS,2026-05-13,0,0.02,0,0,1.49,135,35.67,138.41,8220,0.58
TIX,2026-05-13,0,0.46,4750,0.12,0.13,4176,9.82,12.06,28294,1.45
TJC,2026-05-13,0,0.21,9000,0.76,0.14,575,20.53,39.11,21104,0.56
TIP,2026-05-13,0,17.16,2100,0.12,0.43,3591,5.04,7.34,29675,0.61
TKA,2026-05-13,0,0,934,0.31,0,774,3.87,1.24,14363,0.21
TKC,2026-05-13,0,0.34,0,0,0,-55706,-0.02,0.78,-31251,-0.04
TKU,2026-05-13,0,52.10,500,0.04,0.33,2034,6.10,17.62,77237,0.16
TL4,2026-05-13,0,0.01,0,0,-0.35,98,121.47,29.77,12041,0.99
TLD,2026-05-13,0,0.18,0,0,0.22,1171,7.24,10.99,13413,0.63
TLG,2026-05-13,100,11.18,3500,0.07,0.67,5476,9.13,10.97,24808,2.02
TLH,2026-05-13,0,0.91,0,0,0.51,76,60.15,4.26,11309,0.40
TLT,2026-04-09,0,0.13,1500,0.06,-0.13,-1473,-17.99,8.42,-1473,-17.99
TMB,2026-05-13,0,0,2000,0.04,0.47,5057,10.88,6.04,58063,0.95
TLP,2026-05-13,0,0,151,0.02,-0.01,819,8.30,8.11,12166,0.56
TMC,2026-05-13,0,1.68,950,0.12,-0.06,875,9.14,9.02,15894,0.50
TMS,2026-05-13,0,41.22,1000,0.02,-0.05,2238,18.19,13.22,31270,1.30
TMG,2026-05-13,0,0.01,4700,0.07,0.25,5042,13.90,9.55,15621,4.49
TMT,2026-05-13,0,2.30,0,0,0.55,1648,7.25,2.05,5627,2.12
TMW,2026-05-13,0,0,0,0,-0.02,0,0,11.75,0,0
TMP,2026-05-13,0,0.58,2200,0.05,0.22,4706,9.81,14.11,25049,1.84
TNB,2026-05-13,0,0.20,0,0,0.07,327,27.54,52.97,11561,0.78
TMX,2026-05-13,0,0.04,250,0.03,0,1033,7.94,25.15,15292,0.54
TN1,2026-05-13,0,0.03,500,0.04,0.34,3506,4.05,15.52,19396,0.73
TNC,2026-05-13,0,0.56,1600,0.05,0.04,2789,11.47,13.69,18742,1.71
TNA,2026-05-13,0,2.13,0,0,0,-923,-4.01,-3.65,8826,0.42
TNG,2026-05-13,68100,22.25,2800,0.15,1.34,3279,5.89,5.52,15523,1.24
TNI,2026-05-13,0,0.12,0,0,0.60,1182,4.14,119.78,11419,0.43
TNP,2026-05-13,0,0,2000,0.08,-0.45,352,73.86,9.47,11061,2.35
TNH,2026-05-13,800,54.62,0,0,0.41,-700,-14.36,53.14,10310,0.97
TNS,2026-05-13,0,0.06,0,0,0.69,279,12.55,70,4658,0.75
TNW,2026-05-13,0,0,112,0.01,1.40,1387,9.23,830.63,14212,0.90
TNT,2026-05-13,0,1.01,0,0,0.41,327,31.65,43.99,12984,0.80
TOS,2026-05-13,0,0,3000,0.02,1.65,27169,7.08,11.75,63865,3.01
TOT,2026-05-13,500,3.61,2000,0.12,0.09,3320,5.09,5.24,16272,1.04
TOP,2026-05-13,0,1.23,0,0,0,-5,-178.93,1139.24,6402,0.14
TOW,2026-05-13,0,9.96,3050,0.09,0.10,511,69.53,7.68,16966,2.09
TPC,2026-05-13,0,2.30,0,0,0.08,460,22.49,21.76,13844,0.75
TPB,2026-05-13,162600,24.31,1000,0.06,0.88,2737,5.77,4.26,17316,0.91
TPS,2026-05-13,0,0.07,9300,0.18,-0.14,741,68.87,6.71,17152,2.97
TPP,2026-05-13,0,0.15,0,0,0.18,4618,2.19,2.77,15468,0.65
TQW,2026-05-13,0,0,600,0.08,0,0,0,11.97,0,0
TRA,2026-05-13,0,46.36,4000,0.05,0.27,6504,12.30,10.84,37929,2.11
TR1,2026-05-13,0,0,3800,0.21,-0.01,0,0,8.50,0,0
TQN,2026-05-13,0,0,2972,0.22,0,0,0,3.04,0,0
TRC,2026-05-13,100,0.54,2500,0.03,0.59,9772,7.58,12.51,74246,1
TRS,2026-05-13,0,0.02,1500,0.03,0.36,0,0,8.15,0,0
TRT,2026-05-13,0,0,0,0,-0.05,223,16.14,1.98,12375,0.29
TS3,2026-05-13,0,0,0,0,0.15,211,28.45,2.90,11074,0.54
TSA,2026-05-13,0,0.11,500,0.03,0.44,791,19.34,21.93,11045,1.39
TSC,2026-05-13,0,0.14,0,0,0.78,-154,-15.15,44.50,12646,0.19
TSD,2026-05-13,0,1.92,0,0,1.52,0,0,5.79,0,0
TSJ,2026-05-13,0,0,994,0.03,0.06,1361,23.14,59.80,11902,2.65
TSG,2026-05-13,0,0.36,1100,0.11,-0.02,0,0,4.48,0,0
TSB,2026-05-13,100,7.28,0,0,0.28,88,233.03,17.37,11294,1.82
TST,2026-05-13,0,0.94,0,0,-0.14,33,272.86,174.73,20226,0.45
TT6,2026-05-13,0,0.01,0,0,0.85,794,7.55,7.40,10877,0.55
TTB,2026-05-13,0,0.02,0,0,0,2,942.41,2278.48,10274,0.18
TTA,2026-05-13,0,0.55,0,0,0.52,1954,5.48,10.61,13549,0.79
TTC,2026-05-13,0,4.58,1400,0.16,0.07,1100,8.18,-8.86,20210,0.45
TTD,2026-05-13,0,0.41,4600,0.04,0.96,5950,17.44,18.77,22828,4.55
TTE,2026-05-13,0,0.05,0,0,-0.07,3495,9.70,184.14,13646,2.48
TTF,2026-05-13,82800,5.40,0,0,0.71,-69,-35.88,20.48,787,3.16
TTG,2026-05-13,0,3.87,0,0,1.07,0,0,3.91,0,0
TTH,2026-05-13,0,0.07,0,0,0.46,-12,-186.39,48.84,10675,0.22
TTL,2026-05-13,0,7.18,0,0,0.52,1138,7.55,8.93,16083,0.53
TTN,2026-05-13,0,0.29,900,0.06,1.07,1951,7.58,7149.76,14223,1.04
TTT,2026-05-13,0,2.13,2000,0.06,0.15,6583,5.04,8.69,108216,0.31
TTZ,2026-05-13,0,12.93,0,0,0,-27,-65.89,11.36,8733,0.21
TUG,2026-05-13,0,5.91,600,0.03,-0.06,0,0,12.90,0,0
TTS,2026-05-13,0,0.01,0,0,0.01,-2,-5784.75,79.34,6018,2.14
TV4,2026-05-13,0,0.63,1000,0.07,0.32,1912,7.11,6.32,14395,0.94
TV3,2026-05-13,0,0.09,500,0.03,0.76,1396,11.96,9.93,17784,0.94
TV1,2026-05-13,0,0.87,600,0.03,2.30,5737,3.97,5.84,19157,1.19
TV2,2026-05-13,0,7.71,1000,0.03,0.45,1779,18.46,40.30,19677,1.67
TV6,2026-05-13,0,0,0,0,-1.92,0,0,6.09,0,0
TVC,2026-05-13,0,0.08,0,0,0.78,433,19.19,5.32,17804,0.47
TVD,2026-05-13,0,1.51,800,0.08,-0.06,2127,4.80,6.02,15052,0.68
TVB,2026-05-13,0,0.90,0,0,0.43,-284,-27.17,9.62,9786,0.79
TVA,2026-05-13,0,0,0,0,-0.04,0,0,4.20,0,0
TVG,2026-05-13,0,0,2400,0.15,0,0,0,21.65,0,0
TVH,2026-05-13,0,0,4100,0.05,0.05,0,0,9.92,0,0
TVN,2026-05-13,0,0.16,0,0,2.25,859,10.71,8.60,15506,0.59
TVM,2026-05-13,0,0,500,0.07,0.13,935,7.70,8.23,16588,0.43
TVS,2026-05-13,600,17.88,0,0,0.59,1352,9.83,8.78,13223,1.01
TVT,2026-05-13,0,0.25,1100,0.07,0.08,2091,7.87,5.08,28021,0.59
TW3,2026-05-13,0,0.03,1000,0.08,0.09,0,0,3.45,0,0
TXM,2026-05-13,0,0.60,0,0,0.52,86,52.44,54.41,15829,0.28
UCT,2026-05-13,0,0,0,0,0,49,142.74,37.97,10530,0.66
TYA,2026-05-13,1000,35.93,820,0.04,0.44,14282,1.29,7.62,109197,0.17
UDC,2026-05-13,0,10.97,0,0,0.91,-1703,-1.82,108.51,3681,0.84
UDL,2026-05-13,0,0,3100,0.10,-0.04,0,0,8.22,0,0
UIC,2026-05-13,0,7.67,0,0,0.27,13126,5.05,4.25,71337,0.93
UEM,2026-05-13,0,0.02,1000,0.06,0,230,68.84,10.14,12560,1.26
UNI,2026-05-13,0,0.52,0,0,0.07,-19,-418.19,56.82,10152,0.79
VE8,2026-05-13,0,0.22,0,0,0.13,-9410,-0.16,27,-11981,-0.13
UPC,2026-05-13,0,0.01,1000,0.04,0.26,591,43.14,1.97,16298,1.56
UMC,2026-05-13,0,0,705,0.08,0,0,0,6.65,0,0
UDJ,2026-05-13,0,4.80,500,0.07,0.93,304,23.67,6.40,13728,0.52
UPH,2026-05-13,0,0,0,0,-0.89,190,33.07,33.50,11882,0.53
USD,2026-05-13,0,0,1520,0.09,0.32,609,28.73,4.55,10609,1.65
USC,2026-05-13,0,0,109,0.01,0.31,0,0,47.21,0,0
V12,2026-05-13,0,0.01,600,0.06,-0.17,1134,9.52,6.35,14386,0.75
VAB,2026-05-13,0,0.36,0,0,0.61,2062,4.95,4.28,12948,0.79
V21,2026-05-13,0,0.04,0,0,0.02,77,76.45,16.86,10145,0.58
VAV,2026-05-13,0,2.59,0,0,0.22,3685,9.09,13.46,18405,1.82
VAF,2026-05-13,0,0.02,1000,0,0.47,5376,0,0,18990,0
VBC,2026-05-13,0,0.35,1800,0.09,-0.23,3933,5.19,4.36,24588,0.83
VBB,2026-05-13,0,0.02,0,0,1.19,1369,9.49,6.67,11665,1.11
VBG,2026-05-13,0,0,100,0.02,0,0,0,6.89,0,0
VBH,2026-05-13,0,0.34,0,0,-0.06,206,73.82,0.01,5209,2.92
VC1,2026-05-13,0,0.03,0,0,0.89,565,26.36,23.73,21499,0.69
VC2,2026-05-13,0,0.10,0,0,0.85,223,20.67,14.93,12514,0.37
VC3,2026-05-13,14300,0.12,0,0,0.63,955,27.63,24.73,11028,2.39
VC6,2026-05-13,0,11.23,1000,0.04,0.58,2785,8.04,5.88,17718,1.26
VC9,2026-05-13,0,0.07,0,0,0.42,49,94.11,17.38,3857,1.19
VC7,2026-05-13,5100,0.06,500,0.06,0.98,262,30.52,15.04,12744,0.63
VCA,2026-05-13,0,0.12,0,0,0.23,-866,-8.08,26.58,11304,0.62
VCC,2026-05-13,0,0.01,0,0,-0.05,1169,8.72,7.94,12326,0.83
VCB,2026-05-13,225800,20.01,450,0.01,0.79,4301,13.93,16.32,28009,2.14
VCE,2026-05-13,0,0,0,0,0,0,0,-46.69,0,0
VCF,2026-05-13,0,0.50,48000,0.16,0.39,18886,15.88,16.27,46992,6.38
VCI,2026-05-13,256500,19.38,750,0.03,0.92,1848,13.80,9.43,20373,1.25
VCG,2026-05-13,1900,2.17,800,0.04,0.79,6651,3.31,13.71,19878,1.11
VCM,2026-05-13,0,0,0,0,-0.26,4440,1.82,8.55,19944,0.41
VCP,2026-05-13,0,0.01,600,0.03,-0.14,6067,3.94,4.21,33252,0.72
VCS,2026-05-13,1000,1.07,3800,0.10,0.83,4083,9.55,8.39,32826,1.19
VCX,2026-05-13,0,0.04,0,0,0,652,14.88,9.50,9877,0.98
VCT,2026-05-13,0,0,0,0,0,0,0,31.52,0,0
VCR,2026-05-13,0,0.01,0,0,0.50,-498,-84.38,15.51,7012,5.99
VDB,2026-05-13,0,0,2877,3.20,0,1056,0.85,0.27,10000,0.09
VDG,2026-05-13,0,7.57,0,0,0.96,0,0,34.53,0,0
VDN,2026-05-13,0,0.01,2000,0.08,0.17,0,0,4.29,0,0
VDL,2026-05-13,0,0.51,1500,0.12,0.05,524,24.79,134.19,10753,1.21
VE1,2026-05-13,0,23.89,0,0,-0.24,472,6.99,66,4994,0.66
VDP,2026-05-13,0,0.17,0,0,0.20,2789,19,13.61,34505,1.54
VDS,2026-05-13,12600,1.01,0,0,1.01,897,15.21,9.10,11136,1.23
VE2,2026-05-13,0,0.72,0,0,0,-676,-10.50,2.95,210,33.81
VDT,2026-05-13,0,0,800,0.08,0.21,0,0,16.38,0,0
VE3,2026-05-13,0,0.08,0,0,0.15,70,96.82,23.12,11147,0.61
VE9,2026-05-13,0,0.02,0,0,0.60,234,14.93,44.57,987,3.55
VEC,2026-05-13,0,0.02,0,0,-0.91,1742,13.49,395.89,13984,1.68
VEA,2026-05-13,29800,1.41,4658,0.14,1.16,5875,5.70,7.03,21647,1.55
VE4,2026-05-13,0,0.05,0,0,0,-652,-399.01,220.40,9976,26.06
VEF,2026-05-13,0,0.01,76500,0.81,1.62,3847,24.41,0.98,40909,2.30
VES,2026-05-13,0,49.79,0,0,-0.38,-1826,-13.52,4.45,8475,2.91
VFC,2026-05-13,0,44.69,800,0.01,-0.29,310,335.44,111.94,20935,4.97
VFG,2026-05-13,0,1.96,5000,0.10,0.37,8133,5.99,5.57,42458,1.15
VET,2026-05-13,0,0,0,0,0.32,1117,13.43,14.55,19958,0.75
VGC,2026-05-13,139500,1.37,2200,0.05,0.97,2896,15.26,10.89,26938,1.64
VFS,2026-05-13,0,0.57,0,0,0.53,1068,12.17,11.11,12562,1.03
VGG,2026-05-13,0,15.04,2500,0.06,0.47,9464,4.40,5.56,57621,0.72
VFR,2026-05-13,0,0.01,397,0.04,0.42,1811,6.24,13.88,22047,0.51
VGI,2026-05-13,0,0.01,750,0.01,2.30,3672,23.04,33.89,15325,5.52
VGL,2026-05-13,0,0,1600,0.09,-0.03,852,21.70,10.92,13237,1.40
VGS,2026-05-13,100,0.34,0,0,1.28,3772,6.18,11.51,21797,1.07
VGP,2026-05-13,0,1.19,400,0.02,0.42,2204,11.66,12.25,31808,0.81
VGR,2026-05-13,0,21.77,5500,0.08,0.81,6951,10.09,15.54,12274,5.71
VGV,2026-05-13,0,6.92,800,0.02,-0.72,1450,34.07,65.99,14383,3.43
VGT,2026-05-13,0,14.17,300,0.03,1.98,1822,6.42,22.50,20681,0.57
VHD,2026-05-13,0,0,0,0,0.05,-2916,-1.03,12.95,-1178,-2.55
VHC,2026-05-13,2700,18.86,2000,0.03,0.54,6326,9.69,8.60,46027,1.33
VHF,2026-05-13,0,0,207,0.09,-0.03,324,7.11,7.19,10864,0.21
VHE,2026-05-13,0,0,0,0,0.77,649,5.09,54.68,11529,0.29
VHH,2026-05-13,0,0,0,0,-0.25,-648,-3.71,6.67,9036,0.27
VHG,2026-05-13,0,0.15,0,0,0.70,-17,-96.50,480.48,876,1.83
VHL,2026-05-13,0,1.05,0,0,-0.18,1474,7.12,8.03,20360,0.52
VHM,2026-05-13,1116500,7.92,0,0,1.89,15585,10.28,10.97,66427,2.41
VIB,2026-05-13,26000,4.78,900,0.06,0.78,2343,6.83,4.72,14437,1.11
VIC,2026-05-13,1309000,3.36,0,0,1.77,1824,121.73,49.05,19875,11.17
VID,2026-05-13,0,0.43,500,0.10,0.05,157,30.96,6.19,15557,0.31
VIE,2026-05-13,0,0.11,0,0,-0.79,-347,-18.71,109.67,7184,0.90
VIF,2026-05-13,0,0,648,0.04,0.67,1358,11.71,16.86,14950,1.06
VIG,2026-05-13,0,0.46,0,0,0.99,-14,-325.32,5411.76,7879,0.58
VIH,2026-04-09,0,0,650,0.02,0.22,54,518.52,11.61,11683,2.40
VIN,2026-05-13,0,0.09,600,0.04,-0.05,685,22.34,19.51,22344,0.68
VIP,2026-05-13,0,5.14,2000,0.18,0.40,1032,11.05,8.90,18827,0.61
VIM,2026-05-13,0,0.86,1700,0.17,0.41,0,0,12.44,0,0
VIT,2026-05-13,0,0.11,1000,0.04,0.22,1654,15.41,13.71,16794,1.52
VIR,2026-05-13,0,0.01,0,0,0.46,0,0,3.93,0,0
VIW,2026-05-13,0,0,0,0,-0.33,419,70.94,32.84,12860,2.31
VIX,2026-05-13,1857300,8.56,0,0,1.22,3424,5.56,5.61,14100,1.35
VJC,2026-05-13,27500,6.38,0,0,0.74,4383,39.93,42.76,43997,3.98
VKC,2026-05-13,0,0.68,0,0,0.27,-2635,-0.38,-0.39,-15864,-0.06
VLA,2026-05-13,0,1.61,0,0,0.22,227,36.55,66.33,11300,0.73
X20,2026-05-13,0,0.15,1000,0.08,0.35,2463,4.91,5.96,17906,0.68
VLC,2026-05-13,0,0.09,0,0,0.93,92,145.15,146.43,28037,0.47
VLB,2026-05-13,0,0.01,4500,0.10,0.96,6787,6.66,7.57,16665,2.71
VLG,2026-05-13,0,0.38,800,0.10,1,459,18.30,17.05,11928,0.70
VKP,2026-05-13,0,0.03,0,0,0,-6531,-0.08,0.43,1613,0.31
VLP,2026-05-13,0,0,200,0.22,0,738,1.22,1.99,11196,0.08
VMA,2026-05-13,0,37.64,1300,0.46,0,0,0,1.37,10992,0.25
VLW,2026-05-13,0,0.18,1433,0.03,-0.50,2600,16.35,15.48,17730,2.40
VMC,2026-05-13,0,0.10,0,0,0.63,83,51.58,30.52,12083,0.36
VMD,2026-05-13,0,1.24,0,0,0.24,1717,8.76,5.67,27111,0.56
VMG,2026-05-13,0,0.71,0,0,0.59,-626,-3.83,4.61,4171,0.58
VMK,2026-05-13,0,0,0,0,1.24,0,0,46.14,0,0
VMT,2026-05-13,0,0,0,0,-0.01,0,0,165.54,0,0
VMS,2026-05-13,0,0,800,0.01,-0.13,1751,34.27,28.42,17762,3.38
VNA,2026-05-13,0,1.75,600,0.03,1.67,2361,8.60,5.31,18432,1.10
VND,2026-05-13,508900,9.30,500,0.03,1.05,1435,11.43,13.57,14089,1.16
VNB,2026-05-13,0,1.18,0,0,1.02,1218,12.15,24.16,17761,0.83
VNC,2026-05-13,0,2.56,800,0.02,0.37,5471,6.58,15.12,16850,2.14
VNE,2026-05-13,1000,0.87,0,0,0.36,802,3.74,4.14,10015,0.30
VNF,2026-05-13,0,0.37,1500,0.10,0.30,1822,8.23,6.83,20246,0.74
VNH,2026-05-13,0,1.40,0,0,0.01,1504,0.73,0.09,976,1.13
VNL,2026-05-13,0,11.50,1200,0.06,0.27,3926,4.79,3.28,23198,0.81
VNG,2026-05-13,200,3.26,0,0,0,128,53.15,22.05,11227,0.61
VNI,2026-05-13,0,0.04,0,0,0.67,-1163,-6.02,2.64,8073,0.87
VNP,2026-05-13,0,0.84,2000,0.11,1.78,1166,15.95,20.12,14799,1.26
VNM,2026-05-13,435700,48.93,4850,0.08,0.50,4914,12.23,12.78,17554,3.42
VNS,2026-05-13,0,2.32,1000,0.13,0.16,446,17.47,16.20,16598,0.47
VNR,2026-05-13,1600,27.26,1000,0.05,0.26,2464,8.32,7.34,20385,1.01
VNT,2026-05-13,0,10.40,0,0,0.04,1216,20.15,14.84,14226,1.72
VNX,2026-05-13,0,0,13000,43.33,0.25,1280,0.23,0.02,0,0
VNY,2026-05-13,0,0,0,0,0.27,550,7.64,8.03,6813,0.62
VNZ,2026-05-13,0,47.93,0,0,0.72,621,594.67,54.39,22806,16.18
VOS,2026-05-13,3400,0.70,1100,0.09,0.78,2592,4.78,4.62,15143,0.82
VPA,2026-05-13,0,0.26,0,0,1.73,-1373,-1.53,-3.10,-5859,-0.36
VPB,2026-05-13,675500,24.57,500,0.02,1.11,3314,8.40,5.35,23520,1.18
VPC,2026-05-13,0,0.36,0,0,0.05,-1627,-1.60,14.56,7067,0.37
VPD,2026-05-13,0,31.15,200,0.01,0.12,2700,8.91,16.53,15527,1.55
VPH,2026-05-13,4300,0.39,500,0.12,0.41,-210,-19.87,15.32,10672,0.39
VPG,2026-05-13,4700,0.43,0,0,0.92,-7437,-0.48,63.66,11003,0.33
VPI,2026-05-13,300,10.21,0,0,0.44,880,70.46,27.56,17350,3.57
VPR,2026-05-13,0,13.87,500,0.06,1.47,0,0,2.95,0,0
VPW,2026-05-13,0,0,100,0.01,0,0,0,9.79,0,0
VPS,2026-05-13,0,0.12,550,0.06,0.33,1207,7.33,10.71,14350,0.62
VQC,2026-05-13,0,3.89,2400,0.13,0,1118,16.10,3.48,23237,0.77
X26,2026-05-13,0,0,1800,0.12,0.34,0,0,2.80,0,0
VRG,2026-05-13,0,0.13,3500,0.21,1.09,1200,14.09,4.31,13282,1.27
VRE,2026-05-13,636000,12.72,0,0,1.52,3025,11.72,15.36,21993,1.61
VRC,2026-05-13,0,0.10,0,0,0.01,15,871.34,63.37,25471,0.50
VSA,2026-05-13,0,2.92,1500,0.08,0.10,1593,11.93,9.82,24181,0.79
VSE,2026-05-13,0,0.89,0,0,0.24,0,0,18.42,0,0
VSC,2026-05-13,15400,1.12,500,0.02,0.89,769,28.68,6.60,18082,1.22
VSF,2026-05-13,0,0,0,0,-0.13,59,436.98,180.99,4912,5.27
VSG,2026-05-13,0,0.42,0,0,0.39,-3729,-0.40,-0.42,-15409,-0.10
VSH,2026-05-13,1900,1.20,4000,0.09,0.07,3651,11.89,17.56,20566,2.11
VSI,2026-05-13,0,0.60,1700,0.07,0.30,2955,8.80,6.32,16336,1.59
VSM,2026-05-13,0,1.31,0,0,0.43,2770,5.20,4.05,20067,0.72
VST,2026-05-13,0,0,0,0,0.23,3710,0.84,0.47,-5331,-0.58
VSN,2026-05-13,0,4.10,500,0.04,0.11,1058,13.33,9.83,15956,0.88
VTA,2026-05-13,0,0.17,0,0,0.58,-4209,-0.38,0.97,799,2
VTB,2026-05-13,0,1.60,900,0.07,0.11,1692,7.95,4.74,17939,0.75
VTD,2026-05-13,0,0,0,0,-0.05,-67,-83.47,16.80,10940,0.51
VTC,2026-05-13,0,9.91,700,0.06,1.08,1058,11.62,14.49,16414,0.75
VTE,2026-05-13,0,0,23,0,-0.17,135,49.61,40.05,11007,0.61
VTG,2026-05-13,0,0,0,0,0.12,-335,-11.63,0.48,8528,0.46
VTH,2026-05-13,0,0.15,0,0,0.14,1580,5.32,4.29,13195,0.64
VTI,2026-05-13,0,0,0,0,0,0,0,25.68,0,0
VTK,2026-05-13,800,0.33,1500,0.03,1.77,997,48.97,11,21632,2.26
VTJ,2026-05-13,0,0.14,0,0,-0.03,13,273.97,25.65,8515,0.42
VTM,2026-05-13,0,0,0,0,0,0,0,16.64,0,0
VTP,2026-05-13,16700,4.16,1081,0.02,0.77,3099,20.72,19.56,14409,4.46
VTO,2026-05-13,0,4.05,1000,0.08,0.43,1542,7.78,9.32,15209,0.79
VTQ,2026-05-13,0,0,0,0,0.59,460,13.04,14.64,7609,0.79
VTV,2026-05-13,0,0.12,0,0,0.39,21,703.76,1776.71,12720,1.16
VTX,2026-05-13,0,0,0,0,-0.09,-971,-6.18,21.22,2453,2.45
VTR,2026-05-13,0,0,1000,0.10,1.39,-614,-16.45,16.79,11626,0.87
VTS,2026-05-13,0,1.89,0,0,-1.09,-9554,-0.44,1.90,5778,0.73
VUA,2026-05-13,0,0,0,0,0.60,614,25.41,41.32,9746,1.60
VTZ,2026-05-13,0,1.08,0,0,0.17,853,24.03,16.93,11676,1.76
VVS,2026-05-13,23200,2.65,1000,0.01,0.35,21674,5.16,6.55,38033,2.94
VVN,2026-05-13,0,0,0,0,0.52,-12161,-0.24,0,-52073,-0.06
VW3,2026-05-13,0,0.10,700,0.07,0.37,0,0,9.69,0,0
VWS,2026-05-13,0,0,1200,0.08,-0.71,0,0,27.33,0,0
VXT,2026-05-13,0,0,300,0.01,2.23,458,107.24,590.36,11607,4.23
VXP,2026-05-13,0,0,0,0,0,0,0,36.72,0,0
VXB,2026-05-13,0,0.02,0,0,0.40,447,91,-12.17,8080,5.04
WCS,2026-05-13,0,27.74,16666,0.06,-0.36,30435,9.48,10.27,102489,2.82
WSB,2026-05-13,0,2.57,8000,0.16,0.68,7624,6.73,6.72,56107,0.91
WTC,2026-05-13,0,0.03,1030,0.10,-0.03,58,172.80,20.59,17323,0.58
WSS,2026-05-13,0,2.16,0,0,0.75,1084,5.81,68.89,10760,0.59
XLV,2026-05-13,0,0,1500,0.10,-0.10,0,0,7.55,0,0
XHC,2026-05-13,0,0,1000,0.06,-0.46,3086,5.35,4.97,19232,0.86
X77,2026-05-13,0,0,0,0,0,0,0,0,0,0
XDH,2026-05-13,0,0,700,0.04,-0.21,1300,12.47,14.59,20989,0.77
XMC,2026-05-13,0,0.02,0,0,1.61,535,16.83,26.10,12804,0.70
XMP,2026-05-13,0,0.21,800,0.05,0.07,2036,7.86,10.25,13141,1.22
XMD,2026-05-13,0,0.03,0,0,0.38,1612,3.72,5.55,11841,0.51
YBM,2026-05-13,0,0.19,0,0,0.06,1979,5.03,10,11440,0.87
XPH,2026-05-13,0,0.10,0,0,0.27,82,180.60,107.73,11065,1.34
YBC,2026-05-13,0,0.02,0,0,-0.79,-4096,-1.71,3.75,2806,2.49
YTC,2026-05-13,0,0.49,200,0.01,0.10,5659,4.24,16.37,19311,1.24
YEG,2026-05-13,61600,12,0,0,0.68,354,27.81,17.97,11235,0.88
AIG,2026-05-13,0,44.57,0,0,0.69,6102,7.41,7.87,46082,0.98
ALC,2026-05-13,1400,35.19,0,0,0.78,5765,4.01,0,32815,0.70
CAR,2026-05-13,0,0.01,500,0.03,0.12,-97,-154.35,13.46,10012,1.50
CRV,2026-05-13,0,0,0,0,0.51,113,238.05,0,11271,2.40
DSC,2026-05-13,0,0.02,0,0,0.71,1229,10.66,10.25,11294,1.16
HPA,2026-05-13,0,1.20,2100,0.05,0.45,3499,10.96,10.88,16621,2.31
PTM,2026-05-13,0,0,2000,0.16,0.39,807,15.12,8.49,14712,0.83
RYG,2026-05-13,0,0.02,0,0,0.17,692,15.10,4.06,16924,0.62
SLD,2026-05-13,0,0,0,0,0.12,74,135.12,1086.96,9423,1.06
STD,2026-05-13,0,11.58,0,0,-0.29,-65,-105.13,80.52,13839,0.49
UXC,2026-05-13,0,0,0,0,-0.19,170,5.89,4.42,-2580,-0.39
VPL,2026-05-13,304100,1.79,0,0,1.25,1420,63.02,53.50,21249,4.21
